# Sample flow file,,,,,
# Scenario A flow,,,,,
# To be processed using flow stress calculator (FlowStress_main.py),,,,,
# Robert Morden University of Melbourne February 2024,,,,,
date,C1,C2,C3,C4,C5
1889-01-01,263.1533,57.2779,879.1045,1496.0804,113.508
1889-02-01,48.8257,17.5121,235.0573,616.866,0.1386
1889-03-01,10.1227,0.6356,55.6253,120.8669,0.0008
1889-04-01,229.9043,631.9348,2647.4442,7462.5932,24.8222
1889-05-01,244.4386,520.157,2097.1705,4551.5633,2.7331
1889-06-01,1384.354,3724.8476,13372.5151,25656.0304,1085.4028
1889-07-01,250.1197,1807.882,8975.2498,16928.6405,511.6384
1889-08-01,605.7263,2978.8506,11168.3573,20497.5518,1455.9541
1889-09-01,196.3063,460.9682,4046.5447,7193.0258,118.7067
1889-10-01,329.4733,1289.906,5132.5092,14844.324,3306.202
1889-11-01,142.3411,118.417,1416.2241,3268.515,18.9821
1889-12-01,17.5587,24.9642,346.1276,779.4844,0.0791
1890-01-01,14.5342,16.3892,131.7248,454.0974,0.2288
1890-02-01,1.7793,13.6015,32.6948,116.8911,0.0047
1890-03-01,9.8884,46.2159,167.8393,770.5754,0.165
1890-04-01,4.6422,18.0527,43.7717,272.8625,0.057
1890-05-01,10.0046,49.5616,154.172,804.8051,0.3752
1890-06-01,34.2202,72.8417,315.5932,1987.461,8.3333
1890-07-01,48.0049,117.1476,605.1305,3095.7462,20.5199
1890-08-01,143.7547,550.3887,1973.3318,7358.9892,207.0839
1890-09-01,105.7639,1034.4395,2695.3452,12422.6217,325.7999
1890-10-01,90.0227,304.2637,1507.2535,7170.7709,295.1876
1890-11-01,190.0806,547.6755,2438.4237,11428.4458,145.4981
1890-12-01,28.0626,41.0044,487.6783,1937.7585,5.2619
1891-01-01,4.6301,18.4323,126.6692,423.6119,0.018
1891-02-01,1.05,15.5712,33.3557,106.7608,0
1891-03-01,28.1276,29.4019,87.1716,219.1079,0.0077
1891-04-01,9.5863,67.0403,185.1061,549.6722,0.0276
1891-05-01,28.2487,43.2349,275.818,799.7536,1.2009
1891-06-01,57.2473,240.1171,1056.0587,4674.039,66.0331
1891-07-01,255.545,2184.6345,7373.5651,17673.2066,6.943
1891-08-01,159.2869,3216.9591,7702.0467,19544.5814,0.3162
1891-09-01,80.3588,725.1019,3175.9491,7491.4999,11.0282
1891-10-01,311.3374,1683.8694,6086.463,17188.0732,72.9418
1891-11-01,89.5156,241.1457,1753.1156,4169.7511,5.1991
1891-12-01,37.8176,75.7413,665.8486,1569.4129,1.8616
1892-01-01,4.3509,28.5176,147.4528,336.7538,0.0077
1892-02-01,1.104,25.5484,41.1946,102.9387,0
1892-03-01,7.7212,53.1734,136.1475,660.3,0.4632
1892-04-01,381.7429,811.9824,5047.4612,13376.3139,259.0112
1892-05-01,216.6222,560.5294,3448.2725,10092.6435,32.0781
1892-06-01,215.7734,820.2201,4434.0117,11534.1808,50.8247
1892-07-01,101.7063,779.3231,5690.926,11924.2656,118.8951
1892-08-01,353.8622,3435.714,13186.8308,24791.906,937.9637
1892-09-01,201.2549,1415.2431,6183.7552,13208.2347,184.544
1892-10-01,138.9076,939.1805,3432.5711,8749.2479,39.674
1892-11-01,234.2313,389.2877,2445.2475,5136.0229,33.5557
1892-12-01,71.7403,188.3682,992.1001,3294.6139,4.7925
1893-01-01,7.6793,40.197,190.3652,516.7438,0.0166
1893-02-01,1.774,36.1596,53.1216,158.9271,0
1893-03-01,10.1256,83.6903,143.2238,844.5955,0.032
1893-04-01,83.2674,276.5542,1397.585,3954.7623,16.8853
1893-05-01,398.5354,1480.4303,5215.1114,16588.6647,143.9254
1893-06-01,195.4227,686.9254,3173.8883,12328.9409,129.185
1893-07-01,136.9286,1305.9235,4902.0327,13705.1414,219.287
1893-08-01,255.2478,3445.1665,11012.9739,24291.9293,438.7213
1893-09-01,410.1958,4134.6443,13005.3111,30241.178,4742.4012
1893-10-01,829.616,2714.6834,11351.2908,26517.9143,2569.3939
1893-11-01,370.5338,1099.8784,4461.0058,14669.1552,109.5995
1893-12-01,41.7186,104.2033,1041.777,2289.8091,0.7872
1894-01-01,8.2689,61.8012,292.7022,616.0728,0.024
1894-02-01,2.0251,56.2206,87.1859,263.0294,0.0097
1894-03-01,25.2311,70.1715,155.5753,373.3721,0.3154
1894-04-01,58.0748,202.6753,893.5869,2336.0802,9.1984
1894-05-01,73.9066,347.9511,1563.0214,4040.4495,2.6699
1894-06-01,148.6635,940.648,3808.5208,10326.3774,79.1644
1894-07-01,394.4199,2772.1922,12781.1204,28457.2984,1300.3677
1894-08-01,207.9883,2090.8248,9289.8304,17309.4337,322.0895
1894-09-01,560.4268,2696.7945,13029.0024,23656.2901,1496.105
1894-10-01,1372.4854,2200.6447,14520.4147,30583.5373,7886.6731
1894-11-01,114.4281,87.3773,2452.3017,3766.056,18.9755
1894-12-01,90.066,216.1275,1307.5148,2890.062,3.0474
1895-01-01,31.3163,94.8417,410.7351,1030.5091,0.5099
1895-02-01,3.891,65.8911,93.1936,254.5183,0.0023
1895-03-01,6.948,90.7939,117.562,457.5985,0.3202
1895-04-01,63.4873,140.8748,404.4168,1366.9451,1.7037
1895-05-01,14.2322,113.2941,212.205,942.7076,0.162
1895-06-01,37.393,142.2716,528.7039,2242.0293,9.8701
1895-07-01,74.212,313.8661,1558.1022,4666.1559,16.1315
1895-08-01,148.7871,984.659,5120.7062,16991.7837,822.74
1895-09-01,211.7179,1526.6669,4701.16,19247.5595,616.821
1895-10-01,24.6127,116.0093,979.7019,2797.3192,3.0287
1895-11-01,3.9063,70.2406,241.6475,651.4261,0.0033
1895-12-01,14.4429,112.1806,337.4352,1111.1346,0.1459
1896-01-01,6.0423,84.3049,153.4361,962.8336,2.5667
1896-02-01,19.3452,113.6671,292.2127,1560.9204,1.9602
1896-03-01,8.5525,88.1844,112.5795,887.192,0.7718
1896-04-01,79.892,236.9804,771.7019,4748.7326,138.6261
1896-05-01,83.8017,468.9857,1868.0079,12011.7871,179.3496
1896-06-01,30.8369,382.1188,1167.5234,11699.0223,509.7177
1896-07-01,113.8598,1215.4123,3583.4703,13334.2926,679.2539
1896-08-01,112.8239,2154.5093,6565.3827,18364.818,770.0208
1896-09-01,102.8636,1686.1547,5783.4306,15976.9419,157.0121
1896-10-01,8.0278,81.7218,953.3444,1992.4754,0.9157
1896-11-01,5.1144,77.6073,319.3955,657.0877,0.0037
1896-12-01,2.4102,77.6267,109.1021,313.0933,0.0144
1897-01-01,140.8264,343.5831,1132.1073,3675.7471,3.2295
1897-02-01,30.9032,145.291,450.0952,2292.0162,1.8117
1897-03-01,9.299,100.0669,175.3894,1176.388,0.2297
1897-04-01,6.4795,89.3653,99.212,579.8446,0.0091
1897-05-01,11.153,120.9248,185.1368,1731.9462,0.5053
1897-06-01,24.9854,120.8149,268.9832,2160.1139,0.7796
1897-07-01,42.5708,188.9345,617.3543,4221.2977,1.341
1897-08-01,100.2674,386.0585,1942.7944,10626.667,29.7885
1897-09-01,67.8484,333.3744,1160.2755,5503.6432,1.6534
1897-10-01,88.5554,458.3636,1415.2949,5450.5497,2.9326
1897-11-01,16.1164,94.7746,288.449,1099.322,0.2699
1897-12-01,2.9541,68.6586,73.5244,298.0817,0.0016
1898-01-01,0.6826,65.4668,20.2377,119.2356,0
1898-02-01,0.7847,60.6033,8.5399,77.8105,0
1898-03-01,0.2082,69.8423,4.2942,81.392,0.0001
1898-04-01,14.2138,110.8213,275.6808,751.9947,0.52
1898-05-01,13.7732,150.7347,338.8068,1256.0963,2.1799
1898-06-01,79.2292,238.3145,947.1103,2235.1353,11.0623
1898-07-01,69.7568,405.7901,2075.8222,4110.3707,8.5599
1898-08-01,19.6351,136.9576,689.1461,1446.5115,1.7637
1898-09-01,98.1456,503.3513,1928.3767,5064.0354,50.9111
1898-10-01,61.4293,219.3301,913.7891,2151.5361,1.1498
1898-11-01,27.1584,90.2942,327.452,897.7942,0.2801
1898-12-01,6.6096,77.0244,122.5086,500.3332,0.0313
1899-01-01,14.6398,98.7329,238.0066,1004.5667,1.8551
1899-02-01,9.7672,64.0788,83.2219,414.7204,0.0937
1899-03-01,21.3017,92.4592,120.632,1029.2735,6.6237
1899-04-01,38.5701,263.0717,736.2253,4114.8698,6.431
1899-05-01,38.4562,244.8999,656.1476,5561.8288,40.5251
1899-06-01,212.1694,1306.0755,2368.4212,18912.0225,1298.4034
1899-07-01,25.0662,161.1069,443.6279,4115.6555,8.529
1899-08-01,65.7263,788.5844,1221.7554,7709.971,159.0721
1899-09-01,19.3576,217.2873,552.0753,3552.1324,113.4588
1899-10-01,38.9266,343.4765,655.6014,2721.4586,18.107
1899-11-01,78.3661,462.3932,1170.536,9236.6353,119.0846
1899-12-01,6.5248,64.5705,165.8958,884.8314,0.4848
1900-01-01,6.1154,67.4185,79.4087,478.7943,0.2463
1900-02-01,0.8814,56.1201,16.9884,130.4975,0.0013
1900-03-01,67.6831,171.1074,765.7562,2208.3469,12.5764
1900-04-01,82.5368,426.9133,1540.706,7275.4568,230.0394
1900-05-01,117.4361,1248.8203,2655.2616,13351.0021,316.9352
1900-06-01,235.4362,2463.1948,4402.5815,17958.8119,3435.8844
1900-07-01,39.2176,1200.0343,2362.4707,7127.9315,139.1286
1900-08-01,362.42,4368.5144,11601.3117,27221.56,6742.007
1900-09-01,171.2589,2145.2328,6343.3138,16864.0633,1536.5461
1900-10-01,29.3954,164.3048,1923.8798,3390.2203,7.0366
1900-11-01,7.2018,80.1602,460.5675,822.0552,0.0171
1900-12-01,3.4562,78.1877,148.8637,329.9527,0.0009
1901-01-01,21.6467,153.226,288.9078,1138.4839,1.9602
1901-02-01,2.0719,68.7022,41.8096,211.6165,0.0087
1901-03-01,15.1799,145.8664,208.0939,842.7703,0.132
1901-04-01,131.8776,636.3949,2122.6852,8314.0088,90.0292
1901-05-01,25.9979,140.8414,437.2246,2012.8402,1.0949
1901-06-01,171.4795,626.7467,1052.8447,5789.9961,70.5871
1901-07-01,39.8923,321.5034,510.3772,4267.9924,5.8428
1901-08-01,45.1012,950.3961,1556.5792,9651.8722,62.2669
1901-09-01,167.9637,714.974,1874.0557,9264.1152,216.4343
1901-10-01,93.5166,310.6409,955.4199,2964.0059,55.7146
1901-11-01,11.8383,81.1203,194.1147,707.2094,0.2426
1901-12-01,2.7894,73.4499,55.3902,248.1088,0.0173
1902-01-01,7.4298,95.3016,72.1908,342.4991,0.0081
1902-02-01,3.0578,72.4349,45.91,264.5028,0.0201
1902-03-01,30.3898,152.7393,246.0488,1282.0138,0.1538
1902-04-01,2.9068,77.7202,32.0073,240.1852,0.0008
1902-05-01,4.0504,92.4515,77.7018,287.115,0.0021
1902-06-01,60.7513,262.603,838.8398,2217.0396,1.8024
1902-07-01,10.2925,98.2647,235.6104,759.1017,0.1525
1902-08-01,6.4588,110.6807,196.2137,659.8492,0.2846
1902-09-01,27.9518,174.784,536.7058,1948.9368,3.5904
1902-10-01,8.8825,97.7254,168.6602,679.4856,0.0484
1902-11-01,1.5047,67.2018,34.2217,185.9373,0.0006
1902-12-01,90.0389,652.0892,1813.8845,6742.0476,22.3375
1903-01-01,10.7062,70.3603,258.1789,1013.0961,0.0849
1903-02-01,9.7711,75.4909,173.1874,631.3058,0.1448
1903-03-01,19.0712,152.7237,288.5579,1859.7712,3.1138
1903-04-01,111.3648,257.9322,1180.9811,6187.6604,40.0558
1903-05-01,34.2082,131.3476,389.5637,2369.2919,1.1446
1903-06-01,66.378,283.3094,927.9488,7529.5683,28.564
1903-07-01,203.8818,964.2286,3811.3163,15526.1695,529.7149
1903-08-01,35.575,127.9148,887.8428,3630.2682,44.0799
1903-09-01,146.8411,1223.6166,2364.7894,11135.7217,227.62
1903-10-01,92.2642,562.9499,1276.341,5637.4236,27.9495
1903-11-01,277.5377,750.3571,1720.3662,8956.9622,201.3997
1903-12-01,47.8784,115.3921,534.7073,2248.7999,3.0296
1904-01-01,189.9039,432.2291,1293.7703,11938.1587,54.3008
1904-02-01,130.1067,537.7465,1305.5336,12706.5605,87.3674
1904-03-01,12.705,74.9638,212.0193,1356.3238,0.8196
1904-04-01,4.2964,75.5552,85.7792,503.9072,0.3675
1904-05-01,110.2514,304.1029,943.1602,4466.0367,43.9638
1904-06-01,292.7394,830.0916,2427.1038,10386.028,196.6468
1904-07-01,132.2172,708.6725,2115.473,11363.6752,1526.1951
1904-08-01,148.1489,508.3645,2344.4113,8558.0929,1558.0952
1904-09-01,41.1333,405.0863,1107.2546,3587.793,187.5113
1904-10-01,154.63,581.7697,1748.3744,6667.4757,166.4404
1904-11-01,24.8118,145.4409,499.5188,1844.4137,7.5469
1904-12-01,3.449,66.3517,101.8613,370.0719,0.0247
1905-01-01,2.708,69.0664,50.0162,344.6684,0.3322
1905-02-01,2.6143,65.0367,30.0303,191.9712,0.0314
1905-03-01,0.4938,67.8178,7.5664,101.0504,0.0027
1905-04-01,11.9023,102.5195,121.095,538.7225,0.0779
1905-05-01,80.4905,442.1573,1634.6679,4726.3612,18.159
1905-06-01,59.335,211.2041,754.084,2108.4472,4.8842
1905-07-01,291.3961,1401.1533,4623.5466,11423.5692,62.3615
1905-08-01,53.6856,260.9645,1218.1043,3331.563,1.2032
1905-09-01,137.3256,569.6518,1852.8966,7488.1769,93.2413
1905-10-01,256.3153,1511.0016,3120.8145,9581.5678,61.8882
1905-11-01,29.2559,107.7644,557.6422,1402.9064,0.7752
1905-12-01,51.4908,125.9934,374.5195,980.5539,0.1232
1906-01-01,4.4192,64.4666,65.306,206.9118,0.0006
1906-02-01,1.8504,60.8214,25.3663,114.5313,0.0021
1906-03-01,89.6946,257.5305,839.0553,3337.6292,5.6412
1906-04-01,13.0886,78.3927,145.7751,603.8503,0.0236
1906-05-01,103.548,238.8166,898.4144,3048.6394,22.6169
1906-06-01,216.7117,881.6723,2226.9099,7381.1777,98.3444
1906-07-01,225.6052,1364.8169,3730.0221,12715.6506,675.3786
1906-08-01,214.5416,1960.987,3973.8796,14873.075,591.5482
1906-09-01,414.969,2469.5373,4387.8668,15448.785,616.2924
1906-10-01,619.7999,2396.7371,6515.5269,20668.0967,3300.6709
1906-11-01,504.9586,1469.6226,4547.9013,13687.8914,1766.7139
1906-12-01,42.571,81.8849,739.6169,1567.8502,2.0452
1907-01-01,9.045,76.9749,225.0301,476.6465,0.0025
1907-02-01,3.363,72.6473,72.4595,211.519,0.0022
1907-03-01,1.2931,82.1597,32.9766,185.4351,0.0015
1907-04-01,91.2485,372.8252,920.5962,3052.7292,28.8371
1907-05-01,46.5554,198.8267,541.7886,1931.4796,3.2721
1907-06-01,16.5168,177.3331,324.4756,1736.0957,4.796
1907-07-01,104.2531,392.191,1421.3345,3599.717,16.0207
1907-08-01,163.3655,1351.964,4188.8974,11494.0728,277.5261
1907-09-01,19.2317,183.255,914.5477,2400.3854,5.1392
1907-10-01,7.543,101.2942,359.9942,1050.2006,0.8082
1907-11-01,24.6128,106.2053,224.1984,629.904,0.1027
1907-12-01,172.4387,379.8895,1411.1242,5267.5864,109.5794
1908-01-01,12.728,73.8143,174.826,752.9865,0.3676
1908-02-01,2.9818,67.0733,50.6689,246.6395,0.0025
1908-03-01,12.5325,102.5701,150.6136,628.0977,0.2086
1908-04-01,1.2903,78.363,22.1713,158.8004,0.0011
1908-05-01,29.9864,121.8324,261.367,655.9334,0.1366
1908-06-01,70.2635,248.6461,910.2144,2109.4185,5.0375
1908-07-01,16.128,110.1417,280.8682,1064.1581,0.8748
1908-08-01,32.213,221.8092,794.3255,1706.3307,1.0143
1908-09-01,225.8987,1014.8026,4010.2126,9210.9938,112.0845
1908-10-01,134.2893,507.8068,2227.1763,6075.9789,9.6907
1908-11-01,30.1358,99.6148,572.8654,1468.8407,0.157
1908-12-01,4.5152,70.3469,139.0193,381.8687,0.0013
1909-01-01,8.6365,91.2452,122.8514,735.1777,0.6695
1909-02-01,3.8079,72.1111,49.5219,293.9413,0.0045
1909-03-01,8.947,100.4654,129.169,759.4581,0.3759
1909-04-01,46.9357,217.2289,528.9553,1815.9062,0.7474
1909-05-01,229.4754,811.095,1385.9181,5603.4509,11.5151
1909-06-01,257.6831,2243.0976,4109.8774,16226.2779,252.0548
1909-07-01,110.9291,2183.9828,3714.959,12636.8212,21.8071
1909-08-01,1400.8088,7495.749,21341.4079,46809.4351,8810.5128
1909-09-01,239.0882,674.1022,5288.5424,9159.1525,56.9275
1909-10-01,61.2161,154.2757,1581.0254,2708.2114,3.5282
1909-11-01,9.6567,98.9602,429.916,842.5375,0.1407
1909-12-01,24.3404,108.5665,240.9741,718.6073,0.5128
1910-01-01,12.3979,91.105,105.508,400.8678,0.0368
1910-02-01,1.9858,76.7021,22.1175,132.9962,0.0002
1910-03-01,79.1205,164.551,560.412,1422.5373,3.9776
1910-04-01,8.2225,91.8501,88.159,324.906,0.0202
1910-05-01,78.5944,214.0786,660.3301,1897.9888,2.1474
1910-06-01,65.3668,151.505,344.1365,955.2784,0.4682
1910-07-01,136.555,318.0702,1669.2585,3709.1175,13.0466
1910-08-01,76.197,274.4619,1157.3112,2782.1382,22.3325
1910-09-01,416.3727,1400.4913,5534.9116,13724.8589,231.1732
1910-10-01,159.6493,435.699,2149.2452,8415.2986,40
1910-11-01,79.51,260.5414,1059.2636,3196.8222,3.3892
1910-12-01,26.3107,121.256,319.4422,1383.6174,0.3698
1911-01-01,5.3616,88.5831,80.7064,348.7583,0.0021
1911-02-01,336.1214,360.3002,2400.1143,5638.676,31.0778
1911-03-01,656.5006,1856.5123,5309.5179,18438.3265,63.8398
1911-04-01,66.6033,108.3706,774.6402,2570.6929,0.3189
1911-05-01,147.5437,545.64,1197.4742,6277.9147,2.9448
1911-06-01,284.9429,1631.9756,2715.8889,12969.9699,74.4393
1911-07-01,125.2388,1492.3065,2206.4622,8905.9038,50.1026
1911-08-01,43.0443,337.3077,960.4506,2675.5529,1.4873
1911-09-01,598.6451,5522.8386,12438.1746,38305.0131,4517.3331
1911-10-01,111.0072,211.5702,2522.011,5685.3189,22.0632
1911-11-01,12.62,94.4888,604.09,1291.7007,0.0219
1911-12-01,198.1395,386.6562,1346.7653,4503.5509,41.5301
1912-01-01,14.0616,91.2144,184.0778,661.6912,0.1408
1912-02-01,4.9089,84.282,59.8152,267.3878,0.0012
1912-03-01,4.6738,110.7028,65.7881,355.9819,0.037
1912-04-01,21.0194,190.3296,344.1557,1014.7883,0.1815
1912-05-01,5.9,118.6732,119.1089,539.4557,0.0149
1912-06-01,34.477,225.6462,365.1118,1390.074,0.3092
1912-07-01,23.8715,172.2255,276.7256,1050.5019,0.1065
1912-08-01,29.5271,213.299,470.7119,1279.6408,0.1251
1912-09-01,330.911,867.6448,2577.1258,8311.0108,54.1451
1912-10-01,29.8922,111.7051,418.6551,1564.5092,0.8213
1912-11-01,70.5597,270.13,716.3956,2835.8816,13.9439
1912-12-01,41.258,126.0696,314.7078,1202.2536,1.5576
1913-01-01,3.9551,84.4049,52.8975,264.75,0.0058
1913-02-01,18.9402,104.7339,249.3356,851.2986,1.0936
1913-03-01,440.4249,1447.281,3356.1195,12760.5834,195.3983
1913-04-01,46.6785,104.9077,476.1315,1852.8829,0.8518
1913-05-01,59.8399,555.7098,745.8868,5739.8139,19.2413
1913-06-01,35.8553,210.7844,315.7835,2667.0467,1.7623
1913-07-01,35.1417,405.9744,444.3405,3882.9484,0.3386
1913-08-01,125.1232,997.3154,1567.3937,7456.9124,32.8847
1913-09-01,80.823,742.5505,1317.6545,6199.9774,76.9005
1913-10-01,15.1067,159.0754,334.9419,1412.7012,2.1181
1913-11-01,27.0266,265.9803,483.1373,2446.6614,15.1793
1913-12-01,5.0008,93.8652,107.939,580.4327,0.1184
1914-01-01,2.427,86.4648,33.496,265.1843,0.0056
1914-02-01,0.5541,75.2164,9.3169,114.4251,0
1914-03-01,1.4838,92.4832,20.3297,183.1572,0.0075
1914-04-01,24.0659,127.9468,251.3144,997.288,0.9661
1914-05-01,14.1982,136.5424,179.8717,710.9524,0.2387
1914-06-01,6.1789,100.6818,72.5934,285.0472,0.003
1914-07-01,66.3374,273.5498,995.9137,2109.324,3.4705
1914-08-01,7.8842,98.8553,176.3561,421.2543,0.0132
1914-09-01,4.2623,102.1946,116.5464,396.4007,0.0157
1914-10-01,0.6323,80.0252,20.576,128.5492,0.0003
1914-11-01,8.4869,86.2984,72.1557,379.9722,0.1314
1914-12-01,59.0014,157.9992,423.6971,1560.5396,1.2731
1915-01-01,9.7143,82.6193,89.5285,363.1618,0.0114
1915-02-01,1.9849,68.3597,19.2478,126.1651,0.0002
1915-03-01,0.6103,78.3927,7.4289,103.3513,0
1915-04-01,16.2141,111.5861,184.6453,454.8044,0.0832
1915-05-01,69.777,313.0859,1070.5672,2084.0434,0.9592
1915-06-01,138.1569,808.7457,2658.0303,5874.281,35.3111
1915-07-01,62.3895,281.5661,1871.1635,3585.2278,8.9581
1915-08-01,180.6107,1059.1384,3644.2758,6179.7149,45.4136
1915-09-01,386.3873,1987.8951,6484.0096,11893.0388,190.4806
1915-10-01,112.7693,480.027,2291.7605,4436.9325,7.362
1915-11-01,16.9498,91.5635,571.4457,1373.4504,0.986
1915-12-01,3.239,76.395,152.047,360.1419,0.004
1916-01-01,15.8168,103.2541,247.0015,1077.3394,1.0443
1916-02-01,3.2667,74.0688,61.7086,363.5158,0.0071
1916-03-01,0.656,77.1412,15.6367,138.8587,0
1916-04-01,13.2334,115.1133,163.6643,801.7864,0.615
1916-05-01,3.3098,93.0613,52.9602,270.9644,0.0051
1916-06-01,76.4943,265.6933,988.7785,2729.0555,23.8633
1916-07-01,101.5288,249.3162,1604.0515,3386.8314,3.2051
1916-08-01,208.5618,686.2573,2947.2226,5760.5341,25.239
1916-09-01,1223.6576,7915.925,20868.7865,57344.7297,6703.1901
1916-10-01,570.1453,2038.759,8443.0797,22005.2593,1599.7234
1916-11-01,489.264,2456.0524,5881.6469,16064.9813,1280.3604
1916-12-01,283.4178,538.4832,2723.2163,7305.5672,104.1769
1917-01-01,29.0562,100.7306,536.0687,1197.2849,0.3826
1917-02-01,27.9803,127.3978,312.5241,1507.6816,3.5427
1917-03-01,18.157,130.6673,200.7771,1019.7958,0.9475
1917-04-01,9.9648,136.827,142.2177,949.1486,0.2566
1917-05-01,187.5581,507.52,1614.342,7834.8625,190.2206
1917-06-01,58.2567,247.1006,483.1234,3944.6193,5.7534
1917-07-01,193.1623,1402.2159,3592.8722,14265.9122,728.1794
1917-08-01,452.0327,2495.4556,6280.4027,15629.0321,3091.0876
1917-09-01,353.0764,2046.6188,5734.5284,13725.2041,209.0452
1917-10-01,569.6057,2446.488,6195.5271,19276.36,4533.4152
1917-11-01,158.5965,646.5912,2284.525,6261.3571,59.7738
1917-12-01,27.9559,125.3431,549.9207,1349.9969,0.2731
1918-01-01,7.9845,99.932,158.2401,447.212,0.008
1918-02-01,1.8797,94.302,47.9672,187.5569,0.0009
1918-03-01,84.7195,419.7159,839.7938,2321.3871,0.9637
1918-04-01,22.0401,127.6834,202.4159,654.5369,0.0498
1918-05-01,235.5966,584.8832,2069.0527,5530.3143,29.2701
1918-06-01,194.2164,1085.1803,2574.059,8273.2358,70.1832
1918-07-01,162.2981,1926.5698,5116.6386,15616.7687,98.3985
1918-08-01,81.3759,1037.9726,3179.1365,8902.6768,92.5606
1918-09-01,48.2694,326.142,1385.1023,2922.2699,1.55
1918-10-01,61.3324,294.5858,1097.6009,3011.7778,26.4211
1918-11-01,4.6266,99.6975,175.6773,524.6141,0.089
1918-12-01,4.3227,103.6658,81.6165,336.2815,0.0093
1919-01-01,0.6494,95.0735,18.8549,144.4908,0.0001
1919-02-01,35.8042,190.7086,418.3823,1655.4417,4.1125
1919-03-01,66.3875,436.0348,1593.4084,6395.3346,19.0272
1919-04-01,6.5154,105.5692,223.9341,1002.8545,0.0662
1919-05-01,54.0704,300.7431,572.6835,3288.0106,13.0233
1919-06-01,59.4682,480.7583,820.9095,4369.0914,12.543
1919-07-01,48.1909,396.303,1042.8561,5355.9049,22.9435
1919-08-01,41.2169,436.6283,905.3657,4793.2493,10.5497
1919-09-01,82.5116,393.0124,873.401,2873.4721,10.8705
1919-10-01,12.2201,125.282,212.7806,769.7202,0.0891
1919-11-01,2.5547,96.3971,57.0669,340.5848,0.0027
1919-12-01,10.9423,114.7497,112.6739,773.3758,0.1662
1920-01-01,1.2695,90.9097,16.3071,194.3913,0.0009
1920-02-01,0.3491,80.5566,5.4267,109.0995,0
1920-03-01,3.5305,100.2226,37.8433,250.0757,0.0871
1920-04-01,1.121,101.3406,23.4746,189.9405,0.0016
1920-05-01,31.5519,209.9985,353.6818,962.2037,0.1819
1920-06-01,98.2894,246.1221,853.87,1852.8548,6.1078
1920-07-01,94.5321,257.8273,863.2744,1602.5818,0.2825
1920-08-01,474.8141,1655.4116,5243.2169,10156.1245,74.4806
1920-09-01,223.8942,1272.3623,3336.9837,7874.5514,37.9112
1920-10-01,56.3408,341.5042,1081.274,2551.9224,2.7058
1920-11-01,86.5659,650.9088,1506.4311,4437.4697,12.727
1920-12-01,9.2575,97.6938,269.4562,844.0091,0.0525
1921-01-01,45.8752,163.6131,486.163,1813.4612,3.7975
1921-02-01,9.7604,97.0779,100.418,472.7236,0.0175
1921-03-01,5.147,96.9947,58.6226,259.3189,0.0009
1921-04-01,1.6476,97.7926,29.9423,219.0503,0.0095
1921-05-01,37.3787,231.5765,535.33,2682.7724,5.7683
1921-06-01,47.7903,196.4316,532.8134,2448.5701,4.9893
1921-07-01,149.8108,480.4412,2540.9509,7061.7199,59.5071
1921-08-01,358.4493,1532.6092,6136.8502,15249.4085,127.7823
1921-09-01,433.5775,1818.5365,6128.5096,17575.1987,199.8134
1921-10-01,95.0391,255.5222,1616.7307,4077.0905,5.5132
1921-11-01,50.4153,171.9925,664.8408,1752.9711,1.2942
1921-12-01,14.1417,166.0548,284.1234,908.5349,0.0236
1922-01-01,2.363,86.8782,63.0486,244.3048,0.0026
1922-02-01,3.8864,84.2267,36.1451,156.2792,0.0021
1922-03-01,0.5895,89.3396,9.7351,125.4828,0.0008
1922-04-01,3.3824,101.472,74.8475,367.0586,0.1184
1922-05-01,61.063,244.4422,859.2837,2815.7669,10.1606
1922-06-01,35.5363,335.1059,1006.1617,4266.7585,12.0888
1922-07-01,37.4702,266.8958,1293.7121,3590.8693,12.7762
1922-08-01,100.2298,888.9283,4756.8984,11463.9206,288.9658
1922-09-01,90.3335,1080.0515,2849.1606,7809.5907,21.6848
1922-10-01,192.6538,1015.8856,3542.1674,12362.4772,219.5498
1922-11-01,23.0031,98.1766,668.9794,1599.2046,1.0814
1922-12-01,31.8256,260.0323,716.8652,3199.5409,23.3494
1923-01-01,5.3202,95.1438,139.4982,790.6315,0.1484
1923-02-01,1.0271,74.7592,35.185,212.0529,0.0005
1923-03-01,0.3047,84.1158,12.1556,123.9404,0
1923-04-01,0.0788,83.6793,3.738,93.7546,0
1923-05-01,149.3003,372.3671,1209.5018,2886.1106,15.6761
1923-06-01,389.4726,486.7421,2723.7477,5015.0215,38.1595
1923-07-01,1867.6772,4032.1622,20372.1683,32462.748,1276.4364
1923-08-01,432.3963,1920.0718,9317.5598,16524.5195,1147.5929
1923-09-01,343.7971,1732.475,7012.867,14921.1149,664.6933
1923-10-01,442.2256,2550.3124,5949.3707,16739.7479,609.3582
1923-11-01,99.8955,239.1174,1491.6882,3117.4465,16.5142
1923-12-01,109.1076,192.0648,945.8958,2515.2834,12.0205
1924-01-01,23.3894,137.2708,291.6163,1239.4366,0.3291
1924-02-01,466.5106,800.4093,2400.9087,9568.8653,103.7611
1924-03-01,768.1986,2352.8141,3745.6719,22477.2431,253.5067
1924-04-01,154.3838,726.1959,1148.5811,7998.7276,106.73
1924-05-01,57.8975,277.8572,445.8051,3283.1909,58.4759
1924-06-01,261.9778,1306.2984,1472.2205,7592.2046,677.199
1924-07-01,47.1035,557.7048,485.3476,2606.1169,76.8964
1924-08-01,591.4973,3762.9851,7219.067,22521.7205,5272.1214
1924-09-01,479.6574,2557.1738,4783.7457,13611.8135,277.633
1924-10-01,538.959,1723.5168,4000.3515,12343.4022,940.5325
1924-11-01,880.4256,1278.6876,5083.1955,15380.8278,2145.2541
1924-12-01,90.599,175.9513,859.5656,2348.4067,15.931
1925-01-01,26.6325,135.284,260.4447,724.7903,0.0858
1925-02-01,15.0031,125.5277,122.2885,561.9133,0.1962
1925-03-01,2.2174,113.6042,30.3302,204.5016,0.0011
1925-04-01,3.5815,121.8526,59.1455,300.134,0.0341
1925-05-01,71.7283,268.4839,825.8878,3630.6142,36.8283
1925-06-01,19.4948,143.8823,268.3801,1149.0477,2.1301
1925-07-01,74.5035,277.7333,1249.5536,3320.3119,12.6553
1925-08-01,46.4496,270.0966,963.8236,3082.9245,10.443
1925-09-01,123.5861,350.4028,1482.5692,4330.8635,64.7429
1925-10-01,13.3678,120.436,293.6976,985.8959,0.3153
1925-11-01,12.305,137.8529,282.8462,1765.182,2.4349
1925-12-01,1.7198,99.365,46.983,344.1012,0.0095
1926-01-01,1.4212,102.0679,24.7808,203.4414,0.0001
1926-02-01,0.2097,88.3721,5.4946,110.2038,0
1926-03-01,0.5773,103.537,6.996,150.7491,0.0003
1926-04-01,17.112,149.1235,146.6157,496.7214,0.131
1926-05-01,90.2829,392.5117,822.0548,2182.9872,12.6903
1926-06-01,62.5533,345.3839,858.7653,2063.3048,2.3257
1926-07-01,115.0676,501.4734,2229.0031,4187.2201,30.7632
1926-08-01,86.7807,374.7403,1671.2995,2748.0617,8.6615
1926-09-01,35.4919,186.9776,724.4554,1514.4803,5.3568
1926-10-01,112.1464,275.7477,951.0071,2226.1833,8.9226
1926-11-01,15.3452,114.9615,235.7898,616.2678,0.0927
1926-12-01,13.8244,105.962,116.6937,409.6878,0.1413
1927-01-01,1.6263,89.409,22.2632,144.2876,0.0009
1927-02-01,1.4107,85.1799,21.6511,140.1715,0.0037
1927-03-01,1.7714,98.6205,23.2884,173.2474,0.0175
1927-04-01,0.5725,96.3209,12.5203,133.7562,0.0011
1927-05-01,29.6259,171.6595,305.4471,927.6288,1.1323
1927-06-01,8.0161,114.0034,104.3475,351.5495,0.0249
1927-07-01,97.6594,372.1709,1837.1976,3931.8496,55.5201
1927-08-01,120.7838,479.4068,2178.8871,4258.1616,43.0141
1927-09-01,25.8395,140.7224,647.5634,1239.7692,0.5164
1927-10-01,14.8692,191.9154,346.3662,1247.6175,0.0919
1927-11-01,2.1579,86.2688,72.5468,348.3735,0.0866
1927-12-01,11.8864,104.1881,126.6737,731.2016,0.2545
1928-01-01,68.2066,169.8406,508.1668,1506.4408,1.5225
1928-02-01,310.1229,721.3534,2535.6814,8421.0392,123.9831
1928-03-01,85.6506,320.9283,985.5176,9465.9596,38.2121
1928-04-01,14.7886,97.8677,231.4979,1570.7936,1.2745
1928-05-01,49.1094,238.7634,518.6507,4484.4423,33.1335
1928-06-01,88.9683,246.6426,973.3404,7430.0856,115.5693
1928-07-01,21.8525,167.3553,278.2031,1903.2494,4.1697
1928-08-01,4.4774,114.6291,117.6958,979.4272,5.0537
1928-09-01,42.8817,303.7125,383.2704,2355.7501,24.4501
1928-10-01,171.1762,609.3718,1528.6635,10318.3071,234.0274
1928-11-01,12.8061,90.7436,201.7795,1174.7881,1.347
1928-12-01,3.1361,79.8061,61.4712,351.0881,0.002
1929-01-01,2.925,80.963,34.1095,264.0424,0.1434
1929-02-01,5.3981,93.3895,54.5282,406.8946,0.4532
1929-03-01,6.0763,107.2975,91.0135,547.9072,0.1957
1929-04-01,127.91,522.9377,1310.0549,4340.8881,8.9287
1929-05-01,30.8632,166.3871,383.854,1322.0893,0.1358
1929-06-01,85.9515,388.935,1205.0965,4412.7396,21.8581
1929-07-01,51.1981,296.1611,980.3391,4023.5847,8.0383
1929-08-01,44.4261,634.0749,1141.7392,5096.1197,10.6018
1929-09-01,23.0049,305.8644,448.9709,2139.9057,3.7094
1929-10-01,68.2123,316.8041,889.9179,2793.7619,2.2966
1929-11-01,20.172,166.6106,334.9833,1904.137,2.4471
1929-12-01,79.1328,222.2247,690.6027,4784.6992,15.4239
1930-01-01,5.6892,72.6955,86.6222,525.5007,0.0524
1930-02-01,31.5312,126.948,367.2991,1582.7459,3.1999
1930-03-01,3.18,76.4341,53.1847,304.456,0.0138
1930-04-01,9.9979,117.0168,269.5146,1082.699,1.4718
1930-05-01,17.2037,116.1407,259.8138,1103.9739,1.1452
1930-06-01,10.7465,152.9945,270.1049,2922.2129,5.0604
1930-07-01,37.5657,171.4865,708.7659,3009.4093,14.4216
1930-08-01,191.449,393.2742,2412.9964,9016.9059,204.4514
1930-09-01,76.4133,457.3541,2102.7544,9091.4453,167.062
1930-10-01,180.4849,676.7259,3759.5658,11708.2648,217.0522
1930-11-01,26.3323,169.422,830.2689,2998.3627,22.938
1930-12-01,238.9878,592.2831,1564.5045,9328.7773,62.9826
1931-01-01,17.8584,75.1964,231.2168,909.2787,0.2101
1931-02-01,3.9368,63.0639,62.6233,271.1893,0.0104
1931-03-01,79.6847,234.5108,870.6143,3262.1634,12.2281
1931-04-01,56.2496,145.8592,437.8123,2074.6292,6.3189
1931-05-01,85.8183,308.2642,1261.5425,5766.7891,104.0757
1931-06-01,195.0355,500.8111,2537.5981,12124.2092,1676.2418
1931-07-01,180.2051,1422.4269,5286.6936,16021.479,3607.1233
1931-08-01,157.3092,1458.0451,6317.5234,14685.4214,3540.6021
1931-09-01,91.938,619.9058,3125.6792,5786.6481,156.5866
1931-10-01,13.4573,88.3417,644.744,1130.37,0.5607
1931-11-01,73.5288,243.0045,1009.483,3019.0701,49.4523
1931-12-01,6.0442,70.1513,157.361,482.4176,0.1772
1932-01-01,1.4337,67.6952,44.1755,168.8833,0
1932-02-01,15.2851,108.228,212.4121,849.4004,3.3342
1932-03-01,207.9109,485.5993,1505.6161,3869.9955,30.373
1932-04-01,282.2021,2608.1774,3440.0188,11454.3447,143.7475
1932-05-01,34.4533,101.0773,581.3718,1663.3442,0.8244
1932-06-01,217.8202,1753.3705,2698.9335,8593.4299,390.107
1932-07-01,103.9047,1156.8942,2376.5667,7635.6089,344.3754
1932-08-01,244.2011,3010.4717,6011.8673,17506.1665,3197.5197
1932-09-01,33.1367,403.9251,2472.663,4904.5255,495.7481
1932-10-01,102.5355,788.9931,2921.6059,9528.3121,854.0728
1932-11-01,9.4861,152.5621,537.7806,1394.2494,2.002
1932-12-01,52.2524,239.3439,663.8194,2116.5512,7.2088
1933-01-01,7.655,80.622,123.5011,412.076,0.0258
1933-02-01,1.348,71.8611,31.2404,149.3674,0
1933-03-01,2.6272,85.2264,36.7345,190.6778,0.0193
1933-04-01,6.1535,99.0525,102.9676,441.4913,0.358
1933-05-01,73.8918,350.6251,981.7697,3541.5161,22.795
1933-06-01,69.868,296.0129,952.6673,2675.838,2.0213
1933-07-01,52.8704,338.1939,962.8366,3285.9599,3.3938
1933-08-01,100.4732,689.5234,2115.4937,5773.3199,110.4126
1933-09-01,248.383,1038.0996,3098.79,7573.1379,55.1722
1933-10-01,38.8952,139.2095,798.2697,1826.9227,1.1371
1933-11-01,107.5508,333.7989,983.1115,3388.1892,99.6145
1933-12-01,670.9626,1443.2437,3474.5469,22893.0029,809.4951
1934-01-01,54.2999,118.9064,529.099,2757.652,5.6659
1934-02-01,14.8007,85.6591,161.8787,846.4383,0.7351
1934-03-01,3.3449,80.9878,49.4106,291.3297,0.0066
1934-04-01,105.2272,454.8062,1421.2694,8045.4645,431.1087
1934-05-01,9.7503,91.0379,197.6579,1236.7606,2.0973
1934-06-01,4.3041,99.0992,85.3263,833.8659,0.5957
1934-07-01,25.5571,170.6324,230.9732,3008.7457,37.2333
1934-08-01,71.7993,456.4628,769.8871,4783.3782,69.5291
1934-09-01,51.1397,431.5459,550.1788,4599.8606,157.5823
1934-10-01,376.2001,1916.6477,2580.625,16951.922,3426.2924
1934-11-01,426.3808,2569.1275,4955.7997,26516.8597,9007.5723
1934-12-01,45.7144,104.7923,723.3693,2846.4812,20.811
1935-01-01,13.4078,102.3799,271.1247,1024.9177,0.0166
1935-02-01,34.3184,244.4661,549.3507,1947.7773,0.2171
1935-03-01,42.3098,151.7943,491.5704,1490.2218,1.1912
1935-04-01,423.8275,1687.8385,4112.9096,17683.794,222.8
1935-05-01,88.8883,348.6537,1311.1654,5536.5744,3.3078
1935-06-01,97.6098,1306.4351,1965.973,10760.5615,121.0885
1935-07-01,179.5097,1035.9022,2963.0763,8134.7798,126.6719
1935-08-01,276.1338,2985.3152,8087.9577,18849.2533,2271.8062
1935-09-01,110.7434,399.8579,2571.3709,4705.8257,99.4485
1935-10-01,146.5808,914.2463,2131.0369,6082.85,52.4747
1935-11-01,24.2689,146.2397,539.9093,1403.6922,0.8978
1935-12-01,6.6075,96.4903,140.4927,392.072,0.003
1936-01-01,3.9774,94.8895,56.5107,256.2321,0.0142
1936-02-01,0.5772,77.4528,12.6717,109.4964,0.0003
1936-03-01,2.7814,98.5561,51.2391,507.7201,0.5056
1936-04-01,13.5408,131.4756,161.3158,742.412,0.137
1936-05-01,27.3013,128.7295,218.0804,763.2924,0.7514
1936-06-01,53.0299,208.2333,393.8564,1452.7665,1.345
1936-07-01,324.3238,1406.7617,3816.6676,11344.0644,291.5735
1936-08-01,194.8414,1796.2191,3139.82,12666.9197,1060.8734
1936-09-01,41.5482,266.429,848.0119,2736.46,10.9475
1936-10-01,105.6521,365.7461,1162.3894,3672.0932,17.5259
1936-11-01,13.7795,106.7462,243.0163,961.6236,0.3224
1936-12-01,48.4391,254.8582,469.9231,2571.7193,12.3657
1937-01-01,55.099,139.8251,332.0324,1470.1746,5.5009
1937-02-01,7.419,86.6816,86.2175,575.6858,0.0829
1937-03-01,4.303,97.9691,77.7404,754.6445,0.1428
1937-04-01,1.8425,93.8051,27.0497,302.3318,0.0014
1937-05-01,25.0279,153.1285,396.6249,2175.2213,5.5635
1937-06-01,5.3789,98.5963,99.548,518.3787,0.021
1937-07-01,21.6496,136.1106,347.1883,1646.1986,0.4286
1937-08-01,66.637,272.435,749.5369,3347.0995,3.857
1937-09-01,62.5645,282.1022,828.1289,3426.2278,4.7971
1937-10-01,119.9883,742.1162,1933.6813,16140.4097,53.3433
1937-11-01,8.6542,78.3858,250.6491,1421.0416,0.1813
1937-12-01,159.4909,182.9436,1163.5101,3050.3899,46.6549
1938-01-01,25.7274,91.5004,269.18,1015.825,0.4714
1938-02-01,12.7995,96.5732,153.5607,723.8833,0.2806
1938-03-01,2.3364,85.7529,42.3917,283.6011,0.0055
1938-04-01,60.6121,158.247,555.3022,1477.7159,0.2376
1938-05-01,9.9686,95.9175,112.9396,436.5287,0.0048
1938-06-01,207.838,559.37,1888.7232,6823.5787,31.1364
1938-07-01,53.9341,151.5445,702.3001,3145.5679,5.6808
1938-08-01,19.929,112.2989,328.3701,1194.9426,0.1198
1938-09-01,10.0594,93.0142,169.0226,788.6242,0.1091
1938-10-01,1.393,76.1113,41.9744,265.1096,0.0082
1938-11-01,2.0447,79.4634,28.1661,250.6349,0.0227
1938-12-01,0.608,71.1205,7.1345,109.1503,0.0002
1939-01-01,0.1474,68.139,2.1331,77.2379,0
1939-02-01,47.3658,170.6122,371.4779,1257.736,0.4071
1939-03-01,5.1567,75.0182,53.334,244.2187,0.0023
1939-04-01,300.6429,307.8252,1713.9297,2873.5715,5.8836
1939-05-01,117.1057,177.5028,1185.5029,2281.7345,6.5627
1939-06-01,222.9655,1044.0342,3260.9505,7552.7653,217.6959
1939-07-01,72.5845,196.2687,1757.4087,3017.3076,8.6282
1939-08-01,1498.2522,6042.7327,19729.3756,38333.1767,4541.7156
1939-09-01,439.6386,1426.5485,8106.04,16806.5174,836.9247
1939-10-01,181.1269,514.7742,3392.391,6221.9507,214.3911
1939-11-01,812.5527,2411.6353,6514.3941,24377.9633,2868.8206
1939-12-01,66.4723,96.249,986.5318,2468.9144,3.373
1940-01-01,25.8411,94.4189,363.3288,1015.6737,0.5394
1940-02-01,4.1375,76.447,93.8306,312.8337,0.0033
1940-03-01,1.3987,84.5496,33.0159,160.9411,0.0003
1940-04-01,21.4223,159.0216,276.3249,1009.2436,0.4727
1940-05-01,9.6972,111.8386,123.6817,513.4461,0.0361
1940-06-01,12.7194,115.9171,152.6159,519.8629,0.0746
1940-07-01,60.3065,232.6254,699.8492,1749.5948,1.0784
1940-08-01,16.7626,125.9853,230.3354,668.4442,0.1168
1940-09-01,56.3795,346.3722,741.7761,2824.1997,3.4187
1940-10-01,5.5344,87.1861,112.5804,522.3158,0.016
1940-11-01,42.7671,209.3477,445.4556,2051.9437,4.6101
1940-12-01,8.5334,89.9375,106.4825,685.6081,0.1467
1941-01-01,166.632,231.8521,733.2154,2305.7938,2.7225
1941-02-01,12.7102,71.2948,87.7203,391.3544,0.0144
1941-03-01,69.1878,292.0994,485.5698,2015.9846,5.9144
1941-04-01,25.0353,142.2197,264.8565,1786.718,4.9291
1941-05-01,5.565,98.5087,79.5018,736.1536,0.2418
1941-06-01,108.3147,202.1412,819.6785,3919.9179,52.5133
1941-07-01,119.7889,337.9417,1288.8596,5729.2646,124.6676
1941-08-01,164.7577,633.7642,2071.6093,10747.9376,676.9238
1941-09-01,262.8812,1198.5061,3686.2235,15085.256,2757.8457
1941-10-01,79.9188,204.718,1486.4709,4255.8253,21.131
1941-11-01,23.9383,122.4252,512.6588,1568.0904,6.6262
1941-12-01,10.6102,84.7072,176.9339,641.061,0.1214
1942-01-01,8.4072,76.3602,77.3497,301.5656,0.0731
1942-02-01,4.339,71.9334,50.9147,319.7482,0.05
1942-03-01,9.7777,92.9069,101.6295,492.4937,0.1042
1942-04-01,6.8631,89.945,76.413,466.0402,0.2398
1942-05-01,308.6171,905.3479,2666.9669,7093.6255,57.5803
1942-06-01,109.4969,238.9637,959.0014,2381.2354,1.5219
1942-07-01,112.983,700.6881,1754.1531,6786.8861,489.4768
1942-08-01,277.85,733.125,3735.0655,10083.8872,1764.8142
1942-09-01,408.6197,1650.328,5765.7433,14645.9031,3609.5493
1942-10-01,119.3983,200.479,1544.7729,2977.8739,12.1364
1942-11-01,113.3351,583.0379,1318.6435,3691.289,6.5684
1942-12-01,10.7604,79.5529,246.3464,900.3944,0.0681
1943-01-01,9.852,86.6781,122.0002,519.4875,0.1861
1943-02-01,9.0728,83.3908,80.9237,314.923,0.0308
1943-03-01,1.2471,75.6688,16.5335,127.6454,0.0003
1943-04-01,27.5184,190.8087,330.5056,1347.1401,2.0843
1943-05-01,14.278,101.0141,149.8723,554.1456,0.0786
1943-06-01,61.6223,331.8154,836.3837,3118.3109,12.7873
1943-07-01,111.906,391.9896,1690.1528,5010.3397,40.589
1943-08-01,80.0259,451.8987,1312.4901,4149.0711,43.184
1943-09-01,143.7216,1241.5643,3300.1162,13474.8346,489.7343
1943-10-01,47.7159,182.5429,1093.1162,2758.791,11.3446
1943-11-01,14.0567,112.6599,353.9968,1029.341,0.3302
1943-12-01,2.3024,72.634,87.4327,294.1387,0.002
1944-01-01,2.0746,71.0193,54.6406,263.6974,0.0282
1944-02-01,0.6391,63.121,13.4611,104.7939,0.0003
1944-03-01,4.88,77.3369,27.6261,135.3663,0.0002
1944-04-01,21.8568,165.9472,305.7835,839.4228,0.6027
1944-05-01,213.3054,1057.2375,3014.8085,6888.0493,53.1921
1944-06-01,32.3839,155.3447,605.0936,1318.7497,0.6404
1944-07-01,88.1075,518.9436,1239.6906,2155.542,0.8678
1944-08-01,11.5402,139.5305,288.0059,614.5872,0.0038
1944-09-01,7.5952,105.827,180.8336,453.5427,0.2045
1944-10-01,34.1901,291.1142,545.4838,1517.0128,2.4935
1944-11-01,8.1644,90.3421,132.5732,482.9993,0.0406
1944-12-01,23.2581,140.1009,233.8576,923.8203,0.1791
1945-01-01,7.2078,72.2634,58.745,286.4226,0.0069
1945-02-01,7.0816,72.966,76.3123,364.3769,0.0421
1945-03-01,0.9091,70.1977,12.6314,119.733,0.0002
1945-04-01,0.9123,74.8502,17.4984,123.9944,0.0002
1945-05-01,15.1543,196.1589,279.1127,1162.0076,1.0982
1945-06-01,18.0736,121.2957,183.0595,601.5185,0.5023
1945-07-01,44.8271,219.3222,723.7649,2135.7668,13.0691
1945-08-01,94.998,374.9316,984.6337,2192.7022,14.2829
1945-09-01,33.1238,370.0581,662.1522,1657.2717,1.5231
1945-10-01,46.0528,330.6033,625.3948,2137.972,2.2115
1945-11-01,33.3891,243.0748,598.7678,2354.2631,16.4655
1945-12-01,3.2144,62.537,91.4092,409.7124,0.0586
1946-01-01,113.2451,209.4602,852.2801,2676.2515,29.3225
1946-02-01,110.5904,251.302,980.2084,3688.4119,39.2171
1946-03-01,125.4956,365.9487,1351.4043,5750.3317,109.2116
1946-04-01,61.368,346.0649,657.3597,4042.7658,8.4883
1946-05-01,21.8918,191.7742,312.3073,4827.7949,3.0831
1946-06-01,63.5465,1306.613,1208.6016,12604.2032,861.9399
1946-07-01,205.8993,3990.5377,4991.4399,20333.0281,2926.3394
1946-08-01,135.5256,2822.0489,4125.0908,14902.4671,2299.1858
1946-09-01,98.7341,2079.5889,3364.4886,12242.2103,244.6345
1946-10-01,58.7923,779.4396,1710.1643,4927.4082,41.3208
1946-11-01,23.4839,132.039,464.4585,1266.3703,1.22
1946-12-01,27.029,110.7068,434.4395,2964.3731,31.327
1947-01-01,2.6066,74.3251,71.3355,495.1616,0.1059
1947-02-01,54.3195,86.6318,258.4649,1189.3082,2.0748
1947-03-01,230.353,336.8606,1398.1011,4655.7908,53.6569
1947-04-01,35.0276,142.6463,359.4519,1917.3924,2.4614
1947-05-01,7.9785,91.1238,88.7604,520.6176,0.0139
1947-06-01,149.271,450.6622,1227.7996,7336.7898,134.1556
1947-07-01,263.1949,1216.3996,3421.1897,17272.1105,1704.3646
1947-08-01,81.9677,804.4302,1623.9748,7697.9175,951.0791
1947-09-01,76.5188,565.3788,1304.6779,4776.9506,447.5651
1947-10-01,541.2687,2314.1934,4928.9155,16386.1602,2150.315
1947-11-01,113.0934,455.255,1457.9233,4037.2541,38.0012
1947-12-01,216.6334,853.7997,1444.0552,8663.9855,34.8163
1948-01-01,21.6022,89.1856,275.1328,955.0896,0.1836
1948-02-01,4.8916,72.893,72.0034,331.3643,0.0111
1948-03-01,1.4885,81.5154,25.7987,154.4859,0.0001
1948-04-01,49.1123,182.037,690.7245,2098.0413,7.5186
1948-05-01,150.0888,567.2387,2729.8213,9415.5403,235.2812
1948-06-01,81.7513,536.7272,2011.0257,8637.5649,52.0407
1948-07-01,93.3073,537.2852,2554.046,7559.2251,66.3893
1948-08-01,31.1292,334.6092,1310.5593,3463.6717,33.3911
1948-09-01,83.0712,636.0363,1880.5748,3937.4043,20.0296
1948-10-01,450.8348,2491.0748,6879.6876,20791.0669,1176.8006
1948-11-01,61.6662,167.9132,1272.9131,2678.6804,6.6398
1948-12-01,16.67,94.118,412.607,911.0845,1.8925
1949-01-01,3.0609,80.9196,114.3543,311.3729,0.0394
1949-02-01,96.1172,233.1569,784.6574,3002.2015,21.8687
1949-03-01,300.978,586.8564,1715.8755,7186.1351,49.2401
1949-04-01,29.829,95.0549,253.5704,1157.6314,0.1816
1949-05-01,34.3918,213.8695,363.2598,3112.7276,8.0906
1949-06-01,56.8675,275.7434,431.2646,3793.2707,2.9919
1949-07-01,76.0727,447.7379,717.174,6555.6427,13.1314
1949-08-01,22.0844,267.7394,378.8287,3586.5499,9.9354
1949-09-01,60.5445,325.8851,578.4193,3404.646,14.9394
1949-10-01,537.0748,2182.9467,4463.5042,23759.3432,5070.7009
1949-11-01,329.4421,1838.6198,4634.0726,21636.8545,3451.1911
1949-12-01,29.3616,91.2231,723.0096,2430.0772,5.6381
1950-01-01,6.367,83.2194,211.4869,691.0728,0.0001
1950-02-01,77.2182,256.9151,519.9002,2103.5011,4.4146
1950-03-01,39.0282,183.4335,329.2403,2708.1393,3.4628
1950-04-01,80.4415,279.6479,760.5864,5064.6577,40.5034
1950-05-01,96.6795,178.2719,743.9667,6645.3524,28.5527
1950-06-01,24.0427,131.7155,262.1492,3729.498,5.2711
1950-07-01,67.6197,204.8649,614.9836,5416.248,6.8336
1950-08-01,64.6837,238.0028,733.8647,4444.6331,38.1097
1950-09-01,545.0692,2746.9367,6672.6113,24827.0062,3253.786
1950-10-01,194.865,476.0302,2078.8209,5142.8974,38.0577
1950-11-01,60.4594,166.979,790.265,1930.4328,7.478
1950-12-01,16.8679,103.8583,261.7504,791.6249,0.137
1951-01-01,4.4133,83.6847,74.9765,311.4544,0.0015
1951-02-01,160.45,625.8257,1561.9362,7500.0978,23.8688
1951-03-01,14.1277,82.1375,210.5018,1114.1639,0.0923
1951-04-01,279.723,747.4281,2901.0377,8811.2587,128.3353
1951-05-01,300.8145,998.2666,3087.6681,13107.6482,319.4304
1951-06-01,89.421,1091.7581,2237.6578,14525.2887,1937.5098
1951-07-01,344.207,3075.5191,7483.2402,20187.5463,4534.1984
1951-08-01,736.2326,7200.8689,18173.6395,45926.1172,11734.1536
1951-09-01,93.3183,354.8221,3743.6547,7835.9558,122.7648
1951-10-01,323.962,1023.2205,3900.3701,10519.9711,224.7496
1951-11-01,47.9291,146.0958,885.7443,2010.0023,3.8395
1951-12-01,28.4364,135.6079,356.596,958.4594,0.5568
1952-01-01,5.3286,99.9208,99.984,359.751,0.1337
1952-02-01,10.4411,102.8458,98.3825,467.3089,0.3026
1952-03-01,3.027,104.3514,33.1699,238.6559,0.0063
1952-04-01,64.7737,331.3884,1023.38,3238.0779,39.3356
1952-05-01,247.6771,872.7333,2818.0624,9144.3113,232.7731
1952-06-01,1137.8839,8926.7833,20521.6551,61158.5235,11614.6407
1952-07-01,284.1144,3020.2117,9746.3842,23623.7534,3156.4178
1952-08-01,390.8826,3594.9158,10696.6786,24352.1056,4197.8366
1952-09-01,254.4214,1635.8919,6155.9169,14873.3372,2596.8617
1952-10-01,1285.4077,4291.8248,14451.9833,32484.9629,5682.9768
1952-11-01,1228.384,2343.5294,10891.3748,28374.3193,5771.0646
1952-12-01,198.5456,322.6071,2328.2522,5543.7781,34.6372
1953-01-01,29.5211,132.7615,601.5339,1308.1944,0.1268
1953-02-01,7.0075,129.832,183.3748,465.6582,0.0005
1953-03-01,2.0374,130.505,60.4618,228.7289,0
1953-04-01,11.4863,174.0628,165.3619,575.5471,0.2524
1953-05-01,66.8671,293.3362,581.4379,1495.1065,0.4369
1953-06-01,117.2973,347.0276,1038.6053,2228.985,2.1114
1953-07-01,157.5105,627.1173,2245.9113,5111.5024,59.7319
1953-08-01,438.719,3179.9834,7895.8821,18149.9619,200.541
1953-09-01,657.4554,3175.1804,9459.1036,24917.4912,2320.0326
1953-10-01,250.9989,961.3844,3894.7567,9473.3368,118.1172
1953-11-01,572.9253,1360.7189,5407.0386,14510.632,141.6264
1953-12-01,67.0938,171.7729,937.961,1883.5409,0.6069
1954-01-01,17.7932,152.7426,304.2925,876.2758,0.0182
1954-02-01,19.094,239.6229,248.0233,1105.4437,0.0066
1954-03-01,3.5662,140.4039,60.8937,333.6562,0.0076
1954-04-01,42.4968,236.8833,466.0851,2125.2367,24.6023
1954-05-01,12.4258,177.2745,210.9488,912.6535,0.5975
1954-06-01,82.9533,435.2579,950.9519,3437.1908,8.3482
1954-07-01,35.9721,218.2845,516.2552,2209.7625,7.4503
1954-08-01,88.3458,474.3512,979.5558,4036.5444,28.2069
1954-09-01,79.2835,497.6569,1037.238,3384.6191,5.9319
1954-10-01,98.1473,508.5477,1338.4924,8047.7782,48.0852
1954-11-01,326.4382,1544.7708,3105.7767,19010.8608,439.7411
1954-12-01,166.3258,339.8203,1111.6034,3520.486,14.685
1955-01-01,14.2924,122.5723,196.0082,744.3841,0.0428
1955-02-01,79.2676,291.3088,817.8556,2526.4252,36.8934
1955-03-01,12.0687,353.453,620.9613,4960.7682,6.6623
1955-04-01,15.5084,173.3735,220.7604,1860.2075,5.3367
1955-05-01,59.2207,378.4303,656.7543,8765.0261,109.6108
1955-06-01,98.6171,867.6327,1254.4507,13404.8797,3111.1814
1955-07-01,114.5487,1135.834,1849.1337,10959.1704,3851.3938
1955-08-01,1271.77,7556.8867,15183.9148,40467.5934,9031.4624
1955-09-01,319.9315,1026.8911,4986.5606,13709.6453,1699.7826
1955-10-01,215.2128,762.195,3446.3402,10061.269,341.1264
1955-11-01,58.1363,230.98,982.8413,2451.5206,21.5228
1955-12-01,106.0613,477.0907,1254.6949,3664.9358,12.9748
1956-01-01,24.7571,153.8045,273.6862,1055.3697,0.2733
1956-02-01,2.9714,117.5096,59.2584,279.5082,0.0012
1956-03-01,12.1241,169.596,208.136,759.4421,0.5021
1956-04-01,90.4028,305.4747,898.4328,2791.3705,30.9588
1956-05-01,683.667,1725.3368,5117.5926,14207.6222,107.5636
1956-06-01,392.6581,979.1585,4400.4685,12091.7147,527.4938
1956-07-01,557.831,2487.5823,9925.3909,21962.5159,4028.1529
1956-08-01,527.2143,3657.7753,12417.5894,26035.7994,3362.2456
1956-09-01,1467.7454,5282.6188,14813.4586,31762.4121,1778.3246
1956-10-01,1079.2878,2582.2326,9685.6893,20497.2781,963.6256
1956-11-01,259.9348,469.6425,2878.0203,5210.1156,29.8727
1956-12-01,54.2765,181.2147,783.1788,1664.7027,0.8469
1957-01-01,8.0543,144.7812,202.0513,468.3741,0.003
1957-02-01,14.7325,137.2388,92.6406,265.7739,0.008
1957-03-01,23.7209,171.2978,148.1476,423.8377,0.0677
1957-04-01,13.2436,165.9012,98.7771,492.8537,1.1989
1957-05-01,22.8549,200.17,236.611,1026.7645,7.1093
1957-06-01,18.7043,185.2696,201.7128,967.9608,3.9015
1957-07-01,31.6037,351.3564,459.0164,1829.961,0.6807
1957-08-01,43.1277,330.2133,665.0402,2488.614,22.4717
1957-09-01,127.5,605.66,1479.3549,3774.3752,37.224
1957-10-01,178.9876,845.94,2336.4261,8458.5955,61.5821
1957-11-01,51.3341,242.9613,720.4963,2073.7871,1.3673
1957-12-01,14.0916,154.7709,235.1267,1197.0834,16.6907
1958-01-01,2.7856,136.883,55.1821,328.1645,0.057
1958-02-01,14.785,143.2869,107.1873,437.6077,0.0097
1958-03-01,2.0444,143.0153,22.2425,212.3125,0.001
1958-04-01,1.2018,142.6661,15.4978,195.2135,0.002
1958-05-01,184.8959,637.5935,2129.2495,4886.4004,20.9467
1958-06-01,22.7683,163.6156,339.2028,932.4702,0.1223
1958-07-01,97.0608,428.3922,1580.0336,3660.47,17.2651
1958-08-01,549.4404,1567.4351,6547.5819,12609.2609,255.3789
1958-09-01,190.5548,780.5345,3801.3628,8224.0076,19.7971
1958-10-01,356.9742,2074.5696,6316.354,19149.9571,173.9471
1958-11-01,79.809,315.3292,1855.1626,3955.0237,9.0891
1958-12-01,17.373,172.0289,544.7112,1707.6881,0.0433
1959-01-01,3.3431,126.4249,133.0196,423.8027,0.0012
1959-02-01,25.2378,141.9277,196.8649,715.0085,1.0742
1959-03-01,49.7692,232.3175,543.0923,2207.0581,8.8765
1959-04-01,5.3926,138.0344,79.0548,485.168,0.1323
1959-05-01,1.7614,144.7553,28.9978,247.7323,0.0046
1959-06-01,28.1653,191.7987,263.6501,1077.4015,1.9703
1959-07-01,31.9435,211.8574,404.2793,1304.1383,2.1372
1959-08-01,105.9015,455.3869,1396.6275,4584.103,80.6457
1959-09-01,90.6321,546.7521,1385.2623,5097.1674,60.1563
1959-10-01,128.5591,786.9481,1621.7842,8559.7226,158.492
1959-11-01,9.9831,125.3466,240.3378,1133.1254,2.0119
1959-12-01,118.5231,443.0521,1125.9752,4965.4955,181.2439
1960-01-01,11.5218,122.9293,152.7523,746.7175,0.6721
1960-02-01,32.0181,146.3326,247.1256,1074.8845,13.9633
1960-03-01,4.3173,125.692,47.9351,303.9917,0.0569
1960-04-01,316.0925,831.5219,3091.4215,9903.1375,349.0251
1960-05-01,1105.149,2961.3586,9161.0567,22346.3044,1086.8126
1960-06-01,248.562,1333.3755,4104.6248,11967.5884,1031.8219
1960-07-01,821.3168,6255.8283,18511.169,40294.3883,8485.4036
1960-08-01,404.2498,3831.053,10662.9855,22962.9183,3579.4734
1960-09-01,2562.6669,6088.9003,20369.611,39234.4558,3005.7586
1960-10-01,313.5069,268.4327,3697.0699,5717.4982,10.8729
1960-11-01,1077.3377,1319.1261,5625.5738,12472.7125,316.0716
1960-12-01,96.0945,157.9732,888.1122,1798.7755,1.3148
1961-01-01,17.8987,142.3473,245.2028,543.8841,0.0001
1961-02-01,6.7653,138.6724,96.9666,353.2941,0.004
1961-03-01,32.4376,230.0253,414.2275,1613.1246,0.237
1961-04-01,112.6486,388.4286,967.2372,2598.4125,1.9834
1961-05-01,23.4109,212.1436,308.8511,1242.6561,0.2576
1961-06-01,84.9133,357.1122,645.1747,3024.0626,8.2467
1961-07-01,149.5147,1012.2278,2199.4139,6550.1748,17.8143
1961-08-01,135.8522,1441.7618,2384.22,9094.514,14.2103
1961-09-01,27.9083,281.9664,669.2073,2085.9864,1.1554
1961-10-01,72.2709,301.6857,763.7112,2157.5226,1.2515
1961-11-01,14.1591,148.1206,165.9501,648.6783,0.3013
1961-12-01,6.2088,144.3901,70.5064,367.8313,0.0998
1962-01-01,15.5701,144.2476,45.3695,251.9442,0.0129
1962-02-01,3.2682,131.1588,33.1677,258.981,0.0577
1962-03-01,9.8463,147.577,34.0091,285.0819,0.1407
1962-04-01,2.2973,152.0213,34.0496,324.8067,0.0205
1962-05-01,87.2467,371.1136,902.8776,2332.6767,7.1025
1962-06-01,244.802,787.7222,2517.6804,4839.844,29.5225
1962-07-01,75.9213,426.6779,1380.2351,2921.2966,12.5825
1962-08-01,109.5821,1161.039,2388.7873,5383.6882,48.4577
1962-09-01,250.2959,2566.9949,6408.614,15720.7858,299.4371
1962-10-01,277.0409,1317.3708,4495.6745,14357.9622,1049.6354
1962-11-01,32.9542,154.6789,794.8651,1769.9607,2.3506
1962-12-01,8.9679,149.5173,290.3023,809.1866,0.6626
1963-01-01,890.9603,1293.7064,4888.4108,11383.8037,126.2736
1963-02-01,117.6998,200.6071,788.6986,2439.4502,0.8017
1963-03-01,28.1957,160.5616,296.5037,1044.4879,0.0946
1963-04-01,6.9738,155.7107,105.0444,636.5597,0.0036
1963-05-01,374.5839,1064.6069,3316.2198,14719.3136,516.1425
1963-06-01,76.8083,324.5088,914.2341,7836.633,97.9201
1963-07-01,386.4297,2498.6193,5509.8386,17473.6001,1007.5338
1963-08-01,176.2973,1592.0822,3610.6773,9871.1776,824.0298
1963-09-01,311.953,2881.996,6814.5582,20034.4251,3730.3283
1963-10-01,57.8186,206.7806,1260.3684,2814.8673,10.7429
1963-11-01,7.9051,145.3026,340.4311,776.4887,0.0045
1963-12-01,2.4475,141.1148,108.0197,352.7974,0.0012
1964-01-01,0.8641,136.0876,33.6688,198.2592,0.0001
1964-02-01,50.2387,397.9063,1187.7478,3476.0608,27.4646
1964-03-01,6.5965,147.9905,194.8114,739.4107,0.2171
1964-04-01,106.0791,607.0464,1796.4017,5575.0713,213.8623
1964-05-01,38.5185,375.0431,883.0594,3555.2542,62.771
1964-06-01,54.7175,505.9203,1079.075,4608.1736,458.3152
1964-07-01,547.8401,4804.1728,10856.7286,31747.7333,9141.3205
1964-08-01,421.8191,4087.5951,10842.2213,26648.8671,4398.084
1964-09-01,822.2801,3722.5038,12236.1841,28568.521,4467.3093
1964-10-01,669.734,2576.6974,8741.9077,21118.7358,3870.2019
1964-11-01,328.6174,873.6897,3963.3237,9143.8285,94.8321
1964-12-01,211.2688,985.2928,2441.4748,9945.4657,46.9545
1965-01-01,17.5013,155.4397,425.1856,1138.9396,0.171
1965-02-01,3.7821,138.1271,117.6886,370.999,0.0001
1965-03-01,1.975,160.1948,54.2567,282.9394,0.0011
1965-04-01,72.1898,378.9392,743.4675,2734.1791,5.1127
1965-05-01,46.2414,263.6538,533.8426,2298.443,8.4075
1965-06-01,38.0537,247.8507,410.0536,1792.3647,3.2741
1965-07-01,214.1818,1173.8003,3148.8502,9924.36,88.6135
1965-08-01,513.7077,3443.8902,8082.4006,25398.6857,406.9751
1965-09-01,137.0503,554.108,2051.6014,5109.956,6.2785
1965-10-01,19.1811,179.7791,531.1955,1263.2902,0.0153
1965-11-01,157.5197,677.4559,1714.9051,4523.2192,14.7734
1965-12-01,23.316,173.5898,340.9023,1309.4057,0.1969
1966-01-01,7.0217,158.9702,106.748,545.249,0.008
1966-02-01,45.3694,226.7166,324.5812,1267.8209,0.1
1966-03-01,62.6363,266.3935,572.7831,2320.6305,6.1838
1966-04-01,16.9056,212.6444,251.1275,1660.1887,0.9376
1966-05-01,20.8959,228.1756,236.1244,1470.2894,0.0804
1966-06-01,7.5433,182.1616,108.5341,1368.632,0.4192
1966-07-01,136.5965,681.8083,1300.8947,7985.0627,23.6592
1966-08-01,477.8474,2878.3484,6336.4663,21983.0657,594.3312
1966-09-01,186.8749,783.3919,2593.4512,6408.4345,65.6432
1966-10-01,245.6346,1374.9022,3162.009,11555.0662,48.0195
1966-11-01,55.4663,315.7525,967.3457,2894.6437,1.0683
1966-12-01,80.6329,404.9406,929.2756,3737.9044,115.5398
1967-01-01,7.1603,146.8672,153.021,699.3372,0.453
1967-02-01,1.5707,128.1151,40.1519,246.4615,0.0002
1967-03-01,1.1596,149.0063,26.2648,223.933,0.0006
1967-04-01,0.9519,150.197,17.2741,211.3867,0.0047
1967-05-01,4.6744,165.574,68.4405,306.3276,0.0113
1967-06-01,1.2908,156.4257,17.7157,210.4568,0.0013
1967-07-01,12.3607,181.1573,129.0175,418.8346,0.0253
1967-08-01,67.0661,331.2515,797.7566,2279.1192,6.8775
1967-09-01,28.3915,224.6926,415.0993,1195.9275,0.3505
1967-10-01,3.5391,140.7386,71.9813,310.6218,0.0013
1967-11-01,1.8946,134.6707,34.8368,230.8278,0.0036
1967-12-01,6.9556,142.9184,74.492,518.2616,0.337
1968-01-01,3.692,129.9201,21.8749,268.6014,0.0064
1968-02-01,0.511,113.5689,4.7697,139.3867,0.0002
1968-03-01,23.5247,136.8359,72.5617,282.4963,0.0123
1968-04-01,239.9639,615.0254,2460.035,4318.1196,34.5825
1968-05-01,493.5594,1270.3286,4971.3084,9923.9854,245.8472
1968-06-01,238.7682,1855.828,5601.5745,11787.513,526.3633
1968-07-01,292.5606,2404.2979,8343.328,14497.1081,1022.0989
1968-08-01,523.9434,3304.2412,10916.8085,22084.67,4115.3248
1968-09-01,85.2224,438.0068,2740.4334,4898.3828,27.1178
1968-10-01,597.2522,2057.9083,6862.3417,16434.5781,363.876
1968-11-01,308.43,703.4346,3116.0577,7543.5817,136.5711
1968-12-01,45.9827,181.5316,676.025,1548.741,0.6061
1969-01-01,10.7064,143.347,207.5881,576.8738,0.0629
1969-02-01,42.3494,197.1084,398.8578,2406.6106,6.3018
1969-03-01,13.1152,153.7967,108.6226,594.4158,0.0473
1969-04-01,6.6895,158.3835,91.7058,602.5447,0.4735
1969-05-01,92.0159,399.7366,900.1,3603.3745,14.5517
1969-06-01,11.3294,160.0476,157.7934,898.084,0.3446
1969-07-01,110.6358,423.025,993.0727,4000.4605,27.2833
1969-08-01,122.6427,624.238,1904.4376,8210.0205,227.6375
1969-09-01,277.6599,1562.7349,3793.6721,14220.6709,358.1614
1969-10-01,22.7107,151.5642,587.4524,1749.1882,2.0088
1969-11-01,94.9561,510.5341,1443.4594,4202.358,15.1036
1969-12-01,26.22,211.104,424.8798,1641.3504,1.404
1970-01-01,232.5285,712.6816,1683.217,15112.0078,70.9433
1970-02-01,14.9192,115.0007,193.7505,1309.9565,0.2373
1970-03-01,340.0168,1481.2722,2859.2701,12070.2659,15.1639
1970-04-01,159.2537,615.7903,1567.8005,9663.0826,44.7792
1970-05-01,131.5624,901.0243,1276.2382,11201.7942,79.921
1970-06-01,103.8866,671.6911,1143.4113,7607.6516,87.8291
1970-07-01,91.7796,2305.2912,2504.7384,11914.6063,528.2771
1970-08-01,355.8778,4225.0695,7329.969,24213.5857,6074.5917
1970-09-01,145.924,2079.4505,5116.6006,20178.5315,2129.1358
1970-10-01,43.5642,290.01,1351.9434,3934.7794,31.6453
1970-11-01,160.6592,1099.4198,3141.1429,15695.2173,946.9049
1970-12-01,63.1447,483.3782,1123.0392,12473.0002,64.6308
1971-01-01,95.0676,829.7061,1064.1346,7832.6954,6.6141
1971-02-01,94.8051,402.8324,868.9401,7616.6549,4.5825
1971-03-01,9.7808,147.914,152.8361,971.8192,0.0551
1971-04-01,117.0348,312.6043,737.824,3581.2205,33.5754
1971-05-01,262.6128,950.8214,1934.9615,13202.6075,370.4195
1971-06-01,195.84,884.1808,1917.7245,10833.8126,1597.7944
1971-07-01,70.0019,352.1973,782.5308,3485.0915,690.4634
1971-08-01,101.2213,888.3882,1419.4552,5844.9095,248.3252
1971-09-01,158.1262,1152.785,2547.9461,9104.44,1439.4726
1971-10-01,593.0221,2532.928,6182.6238,20075.4911,2939.4313
1971-11-01,725.5615,2858.0686,6995.3658,23382.1824,1157.8189
1971-12-01,182.7745,653.6732,2380.4192,12329.423,1363.8351
1972-01-01,42.93,225.4274,663.7397,2794.9208,14.0089
1972-02-01,180.2385,536.0311,1081.553,6678.2232,197.8319
1972-03-01,20.9698,210.4029,235.4283,2142.6335,30.9315
1972-04-01,116.9483,288.8891,687.3307,5984.8334,219.311
1972-05-01,21.5826,187.9511,184.9152,1740.6075,17.6674
1972-06-01,7.6426,178.8879,99.2373,1787.7964,76.9512
1972-07-01,67.714,345.5961,480.0214,6478.1047,1703.8652
1972-08-01,116.0324,488.4596,873.285,5342.8425,1243.5733
1972-09-01,10.0058,161.3483,140.3329,1055.1422,8.2599
1972-10-01,56.1453,274.4209,412.4021,1618.0808,3.7375
1972-11-01,16.997,143.4019,120.2577,574.5672,0.6947
1972-12-01,2.0531,128.2099,22.2565,206.301,0.0029
1973-01-01,10.3809,136.4215,64.4352,327.2792,0.3952
1973-02-01,1613.3503,2780.706,10018.9278,25320.7424,438.6055
1973-03-01,205.2714,208.686,1695.2442,4840.8897,6.7111
1973-04-01,95.1786,187.9194,667.6261,1928.1532,1.66
1973-05-01,258.5046,706.302,2103.068,10477.0447,436.5751
1973-06-01,155.6575,711.8339,1394.1359,9456.6166,1755.4594
1973-07-01,91.2782,460.7631,1112.2967,4991.3734,508.9921
1973-08-01,307.0208,2236.9697,3996.5244,14560.9845,2660.2286
1973-09-01,249.3701,1207.0923,2857.0696,9143.2386,260.2543
1973-10-01,404.1667,775.0786,3088.7674,7207.7085,185.7452
1973-11-01,151.8663,718.9867,2012.5256,10154.5363,68.9838
1973-12-01,58.8747,209.3515,524.7239,1762.6805,0.7581
1974-01-01,65.0803,182.588,443.8097,1728.0151,14.5157
1974-02-01,10.627,123.7642,90.4188,422.494,0.0717
1974-03-01,4.9525,140.1497,43.9033,378.2364,10.1819
1974-04-01,149.788,804.8219,2372.3249,9798.6663,625.2367
1974-05-01,525.6458,1371.8322,4913.7787,15888.5839,2422.1488
1974-06-01,71.413,327.9564,1121.0095,5023.4338,97.5594
1974-07-01,497.2965,3669.5185,10396.2994,28364.1322,6921.0455
1974-08-01,425.2197,4856.7358,12836.7487,33959.2751,5963.2304
1974-09-01,752.3426,4011.0985,13237.8046,26262.6356,2169.775
1974-10-01,624.9931,1447.5432,7698.1414,16163.5086,1407.8593
1974-11-01,86.4636,321.8183,1698.3678,3421.3051,2.1019
1974-12-01,30.4491,179.2659,559.0136,1275.9519,0.2729
1975-01-01,10.3085,155.3813,194.7072,529.1493,0.0036
1975-02-01,1.5426,131.3537,45.6443,209.374,0
1975-03-01,73.324,334.0565,810.9652,2530.7109,5.2159
1975-04-01,8.5585,160.4256,128.6413,580.942,0.0236
1975-05-01,53.6141,263.092,505.4249,1699.9404,0.9977
1975-06-01,17.331,195.9581,194.3861,1121.7562,0.3757
1975-07-01,66.9694,297.5058,822.376,3334.8878,27.7513
1975-08-01,310.6696,1175.5714,3508.6231,13658.1758,248.6579
1975-09-01,471.4056,1529.8795,4886.2447,16211.0547,596.6644
1975-10-01,2414.0768,5450.152,18626.508,44625.0751,8370.236
1975-11-01,288.5749,349.6284,3391.409,6621.5832,31.456
1975-12-01,52.1091,152.3975,909.0244,1735.1265,0.0781
1976-01-01,10.696,145.0873,263.5523,552.5749,0.0004
1976-02-01,8.7746,134.8289,104.0067,300.6878,0.0022
1976-03-01,5.0102,160.1617,99.4703,532.6716,0.2711
1976-04-01,1.4864,152.1421,27.6621,238.981,0.0097
1976-05-01,2.9099,163.4321,28.7935,239.3155,0.0021
1976-06-01,53.967,304.665,600.9978,1712.135,1.4895
1976-07-01,13.3343,174.5441,174.1203,576.795,0.0279
1976-08-01,95.6554,396.0843,1096.0471,3366.0163,18.7587
1976-09-01,224.7984,987.249,2892.3895,9386.0484,163.799
1976-10-01,339.3949,1915.338,4834.285,19979.2189,73.1551
1976-11-01,120.6819,431.2896,1675.146,5775.5207,6.1046
1976-12-01,73.1715,308.3679,894.8667,4363.233,5.2914
1977-01-01,9.674,142.8642,180.2859,815.4512,0.2429
1977-02-01,5.3168,137.5508,70.5924,976.202,0.2047
1977-03-01,6.843,150.2965,64.9125,476.852,0.0745
1977-04-01,12.903,170.9453,99.3605,634.2376,0.0036
1977-05-01,254.9778,682.9748,2167.5219,10666.6933,197.2131
1977-06-01,1215.8925,3641.9219,11971.8565,34695.3354,2559.9926
1977-07-01,341.1215,2286.3992,7105.3529,23727.6656,4264.7746
1977-08-01,102.9364,596.4794,2479.1089,6157.547,110.4003
1977-09-01,65.2743,485.9986,1357.2155,3836.4787,21.7108
1977-10-01,15.7906,170.1342,369.468,1050.9498,1.9225
1977-11-01,11.2853,160.0802,195.1584,813.921,2.1578
1977-12-01,2.5989,141.1008,49.6757,310.4903,0.0151
1978-01-01,9.7829,154.2192,65.1808,346.0254,0.0063
1978-02-01,2.8068,133.4996,26.633,252.2551,0.0013
1978-03-01,4.4617,156.2847,53.9899,489.6289,0.0116
1978-04-01,30.3749,196.524,274.052,1352.5922,1.6777
1978-05-01,95.2662,384.0765,890.8273,3770.7476,14.0864
1978-06-01,46.784,895.4896,1398.2899,14222.9325,198.463
1978-07-01,233.9081,3203.1716,6717.1668,27590.287,3844.8851
1978-08-01,298.2064,4005.8409,9169.084,27754.7857,5024.048
1978-09-01,256.7587,2768.0793,8235.9535,22196.242,3231.4364
1978-10-01,165.5779,663.1601,2566.7172,5414.0102,59.5266
1978-11-01,573.5874,3188.4688,6909.5043,30455.9485,8624.8227
1978-12-01,278.4383,845.9107,4000.7522,22338.944,5010.1071
1979-01-01,161.9049,356.412,1504.2064,3964.0826,7.1815
1979-02-01,24.3945,152.733,353.1151,1144.4967,0.0512
1979-03-01,6.2935,165.3868,142.4981,566.7183,0.0042
1979-04-01,12.8211,174.6337,124.2181,617.9842,0.4135
1979-05-01,103.2515,303.3817,662.2512,2454.3498,25.5426
1979-06-01,20.9684,196.5158,202.1804,1729.3776,9.0949
1979-07-01,24.4308,208.4934,252.4436,1413.0483,1.7284
1979-08-01,137.4937,579.67,1279.6364,8942.3239,450.373
1979-09-01,236.7554,904.162,2040.6111,12220.8291,1053.1657
1979-10-01,365.3852,1005.7189,3268.1639,13585.732,950.9285
1979-11-01,34.0222,158.9069,556.3514,1847.032,8.8856
1979-12-01,6.6889,141.5896,148.6988,572.2301,0.0634
1980-01-01,6.7106,156.1811,85.5097,606.1233,0.0929
1980-02-01,0.8792,123.522,16.4995,194.1564,0.0005
1980-03-01,0.4979,141.3317,7.9899,179.781,0.0006
1980-04-01,21.8211,160.2283,164.8692,598.2702,2.3804
1980-05-01,39.4118,207.4267,303.7529,931.2946,1.7578
1980-06-01,74.5387,299.0382,783.1136,1944.8239,2.5822
1980-07-01,81.9473,305.6927,988.3811,2589.5073,10.5555
1980-08-01,134.7926,424.5582,1479.3149,3650.6958,49.4979
1980-09-01,76.9834,433.6396,1167.9249,3577.0529,40.649
1980-10-01,341.8656,818.2898,3287.7976,12500.3147,377.6025
1980-11-01,44.5508,164.4093,601.1677,1859.9545,2.6872
1980-12-01,17.39,154.9799,251.0211,1336.9769,0.7447
1981-01-01,11.5678,167.0761,169.5539,2135.0597,0.164
1981-02-01,1.9023,123.0699,37.1807,568.5666,0.0029
1981-03-01,6.445,141.8505,51.4943,698.4319,0.0626
1981-04-01,1.4598,133.7864,17.5802,260.8792,0.0084
1981-05-01,58.5461,260.0585,565.6857,3056.5839,16.6359
1981-06-01,231.1236,636.8647,2434.0306,8823.6482,42.7405
1981-07-01,317.0044,1249.8399,4455.4998,15701.4526,199.9678
1981-08-01,1009.9812,5350.5112,14897.1415,36801.5464,3641.6727
1981-09-01,124.6139,225.243,2560.8292,5290.737,18.2813
1981-10-01,345.8371,1575.6501,4866.9222,15772.5775,292.634
1981-11-01,190.2831,367.736,1818.8359,4469.4768,76.8218
1981-12-01,18.0455,137.285,365.8016,983.9348,0.3069
1982-01-01,14.526,139.6846,152.9449,538.269,0.036
1982-02-01,1.8248,116.3247,34.1372,192.2147,0.0002
1982-03-01,20.6365,184.9448,230.5906,702.341,0.1863
1982-04-01,7.9107,148.2875,80.5398,384.3591,0.0479
1982-05-01,23.55,203.5244,311.0134,1366.5767,0.5991
1982-06-01,28.4133,171.5835,195.9918,718.9087,0.3932
1982-07-01,10.8044,159.999,122.8297,465.1424,0.0222
1982-08-01,2.0303,144.7714,32.2308,259.8455,0.0005
1982-09-01,21.4847,217.4819,309.4167,1491.6197,1.321
1982-10-01,7.8099,141.1837,83.824,543.8713,0.0242
1982-11-01,1.8889,115.8425,19.7928,203.6699,0.0002
1982-12-01,11.5021,146.7324,93.0085,532.8625,0.0107
1983-01-01,1.3907,114.9005,13.8836,193.1751,0.0045
1983-02-01,0.3134,101.8473,3.7641,120.0207,0
1983-03-01,79.3164,240.7098,597.4969,1710.1258,1.2287
1983-04-01,29.6818,159.7609,268.7987,890.0588,0.1904
1983-05-01,228.2789,687.2496,2516.5284,6485.5572,135.6572
1983-06-01,103.7626,571.7167,1762.9606,5373.7521,171.6854
1983-07-01,249.77,2405.3671,5619.9677,17135.4991,553.6624
1983-08-01,274.3702,2046.9039,7025.9398,18661.1223,3050.9263
1983-09-01,251.4485,2072.2787,7039.3655,21643.7391,6108.4805
1983-10-01,268.5112,1816.3806,5117.3655,20606.6627,1993.1582
1983-11-01,338.8125,1100.3846,3304.5547,11516.2096,45.4164
1983-12-01,25.7109,127.8644,564.6293,1435.959,0.1467
1984-01-01,29.375,147.8778,265.7941,1063.195,0.7627
1984-02-01,3.1769,110.5638,57.2325,274.3082,0.0038
1984-03-01,100.0249,240.1521,605.298,1793.2001,7.4893
1984-04-01,32.9339,168.749,309.0882,1294.3616,2.8598
1984-05-01,6.4164,144.0491,86.7652,577.6129,0.0949
1984-06-01,5.4803,143.6987,49.094,462.7629,0.0212
1984-07-01,22.5852,177.9151,234.6526,1619.3445,9.3677
1984-08-01,196.7187,516.318,1609.4616,6614.5645,155.525
1984-09-01,386.3796,1781.883,4820.8236,21511.938,1106.7854
1984-10-01,57.482,255.4209,1050.0957,3446.0603,6.9638
1984-11-01,34.7771,160.794,426.7532,1203.1354,0.5137
1984-12-01,7.4052,125.299,124.1928,588.7234,0.4161
1985-01-01,1.9378,115.9611,35.4189,245.0438,0.0022
1985-02-01,0.4078,102.1867,9.3377,131.3905,0.0001
1985-03-01,3.7601,144.6304,73.9473,624.4792,0.2309
1985-04-01,14.1347,186.0761,395.3875,1717.8832,53.564
1985-05-01,13.2929,150.2567,171.6058,898.0168,2.2785
1985-06-01,35.9013,260.0211,528.1139,2642.1058,44.7002
1985-07-01,61.5993,574.7121,1294.8413,5511.8754,421.1342
1985-08-01,184.547,1099.5525,2174.2253,9938.5506,1532.5371
1985-09-01,66.334,499.7555,1076.9338,4218.3087,13.1943
1985-10-01,158.5858,656.4513,1500.5212,7723.2048,41.3846
1985-11-01,58.2454,209.8076,556.5601,3327.8277,22.0346
1985-12-01,477.3974,1755.6039,3625.1108,29133.4904,2944.3018
1986-01-01,36.2084,116.6261,464.1172,2634.0293,5.5253
1986-02-01,7.6172,103.5024,130.928,746.3689,0.0018
1986-03-01,2.1626,111.4033,44.4832,283.9707,0
1986-04-01,66.6371,180.0676,448.1963,1431.276,11.1957
1986-05-01,103.252,388.6105,1070.3826,3795.5646,59.5404
1986-06-01,52.0616,299.5736,777.3798,2665.3081,49.4585
1986-07-01,263.4455,1119.4102,3295.202,9304.8191,1301.0834
1986-08-01,87.1441,590.2654,1644.8377,5538.2953,386.1858
1986-09-01,96.7257,721.2751,1947.2031,8070.2544,785.9884
1986-10-01,551.2018,2264.4229,5720.606,20773.223,7821.8056
1986-11-01,43.1452,125.0342,793.3945,2143.3369,20.8758
1986-12-01,212.3556,357.6176,1209.2961,4789.5305,77.2293
1987-01-01,77.5573,172.584,580.2419,2284.0012,14.0444
1987-02-01,21.9278,130.8082,230.153,1421.7391,7.2964
1987-03-01,16.9897,158.2751,165.2825,1390.2774,5.2466
1987-04-01,5.8672,121.4388,54.5083,510.8719,0.2521
1987-05-01,201.9962,620.5003,1580.9187,10602.9829,293.5543
1987-06-01,136.9127,318.8016,987.7485,8302.0663,441.2067
1987-07-01,68.4247,330.7412,635.8123,5658.5488,1753.4556
1987-08-01,53.8015,426.9914,926.0826,7772.4254,932.8122
1987-09-01,46.685,332.0015,688.7313,4092.5639,138.9874
1987-10-01,38.0563,197.5172,419.6765,2227.6686,143.7484
1987-11-01,29.9295,171.0945,293.4897,1503.4222,5.1402
1987-12-01,116.4405,305.4467,696.0357,5134.1867,38.5244
1988-01-01,38.5479,151.4094,302.2965,1833.8161,6.1332
1988-02-01,5.181,91.4436,52.8043,382.7345,0.0224
1988-03-01,3.8568,112.145,45.5782,525.0482,0.0882
1988-04-01,0.8597,105.9531,13.2509,248.0382,0.0021
1988-05-01,177.2091,277.8409,928.0598,3462.4381,25.4636
1988-06-01,148.8651,346.3966,1134.1891,4742.9705,58.7483
1988-07-01,127.6899,525.4502,1406.3469,6094.6291,101.5388
1988-08-01,145.2654,883.1616,2720.5618,12286.8475,902.3585
1988-09-01,163.1953,439.0042,1622.2998,4812.6853,42.9154
1988-10-01,23.8385,130.8242,379.3564,1281.2858,2.1058
1988-11-01,71.3736,520.3483,790.0126,7665.1174,76.2105
1988-12-01,170.9978,321.3016,783.373,4240.6768,7.2167
1989-01-01,17.1866,109.2267,170.6817,1235.5891,2.3234
1989-02-01,3.863,86.5092,47.4998,311.2125,0.0193
1989-03-01,35.87,140.9156,209.6549,1416.4196,2.7797
1989-04-01,237.4876,463.8219,1731.069,8733.8965,52.8085
1989-05-01,226.4821,574.7987,1828.6701,11911.1671,149.4392
1989-06-01,170.3866,888.7001,1960.3763,11913.1276,777.1041
1989-07-01,181.6942,1861.2253,3337.6804,16221.6929,3551.2214
1989-08-01,379.8759,3538.9618,7036.7577,22273.4312,4004.9064
1989-09-01,274.5665,1613.7592,4327.4717,13537.1728,225.5644
1989-10-01,480.6227,2239.416,5099.4823,19058.1907,2848.9777
1989-11-01,49.642,130.8783,847.3399,2151.6087,4.7115
1989-12-01,12.1633,108.1836,261.9336,708.3573,0.0463
1990-01-01,2.3603,100.6786,71.5157,240.0442,0.0002
1990-02-01,394.9575,711.7598,2499.7816,7716.0432,59.0027
1990-03-01,45.3622,113.5523,362.5295,1264.672,0.2309
1990-04-01,51.2041,295.2467,498.4309,3082.7571,2.8169
1990-05-01,7.5308,122.4513,92.555,629.6214,0.0187
1990-06-01,69.5775,264.6542,490.3951,2883.803,9.7062
1990-07-01,363.4348,992.1098,2519.2706,10062.8801,56.4734
1990-08-01,366.2961,1595.1343,3481.9481,16426.8061,248.9282
1990-09-01,112.3219,564.6413,1429.0037,5880.6968,53.1099
1990-10-01,136.9518,838.1265,1624.3838,11195.8763,301.5807
1990-11-01,37.2195,169.4394,454.2045,1871.3819,9.9741
1990-12-01,6.4854,105.874,109.1233,536.2331,0.0686
1991-01-01,44.7903,162.5443,290.5505,1536.8134,76.6789
1991-02-01,3.6446,90.3522,36.9632,293.467,0.2582
1991-03-01,1.5759,105.264,23.8168,269.7084,0.0134
1991-04-01,6.1303,117.0135,48.4653,341.6372,0.0678
1991-05-01,1.5487,116.7529,19.6151,241.2532,0.0037
1991-06-01,293.2818,748.6158,2471.2618,8740.8698,392.482
1991-07-01,92.9807,373.7322,992.5934,3946.1159,19.4218
1991-08-01,356.0285,2039.2576,4473.8515,17233.2101,1606.9456
1991-09-01,313.1343,2066.6296,4506.2662,18544.4522,3736.5458
1991-10-01,28.1494,130.8686,735.5555,2408.7154,9.4606
1991-11-01,15.5818,110.4434,285.8074,897.1518,0.6498
1991-12-01,262.8566,454.9769,1272.2826,4697.3498,5.3113
1992-01-01,45.666,186.5964,258.2308,1012.3019,0.022
1992-02-01,5.9682,91.141,53.8846,280.0375,0.0057
1992-03-01,7.3916,113.6792,81.2302,462.2652,0.1389
1992-04-01,16.121,123.2831,175.2369,940.6615,7.5254
1992-05-01,73.5957,217.8831,539.1529,2142.8024,8.0094
1992-06-01,125.057,466.3948,1257.0963,7301.7355,111.2746
1992-07-01,58.6812,304.3059,751.1051,4970.6523,48.8994
1992-08-01,266.9556,1636.3043,3481.928,17758.454,1962.7558
1992-09-01,832.8549,3834.8342,10181.3404,31667.434,8136.1543
1992-10-01,450.5674,2058.4395,6327.365,21629.4798,3812.4361
1992-11-01,244.2732,1249.4643,3539.7163,14355.9207,157.1271
1992-12-01,262.8093,951.2809,2919.1398,21291.9677,8246.5585
1993-01-01,297.3152,421.1911,1677.9192,9017.7853,662.5234
1993-02-01,33.3786,165.1743,355.1653,2287.4273,9.4843
1993-03-01,14.8889,121.4933,131.4017,659.4243,0.0436
1993-04-01,2.6395,113.1172,35.5521,266.324,0.0009
1993-05-01,11.761,134.648,83.1174,439.4842,0.1799
1993-06-01,57.3434,259.2354,480.3115,2903.2845,12.9553
1993-07-01,149.7591,339.45,885.9216,5803.9471,125.8803
1993-08-01,123.4262,360.0419,1027.6033,7776.9429,171.3611
1993-09-01,981.0923,2946.5614,7278.853,28656.8786,6458.7222
1993-10-01,277.4648,973.334,3111.2347,16861.2923,3603.1141
1993-11-01,70.482,229.3115,907.4092,3439.8744,26.9268
1993-12-01,397.9986,734.0439,2121.7357,10503.4422,96.3712
1994-01-01,36.7986,132.0156,354.7566,1562.3864,0.7632
1994-02-01,130.5911,365.2084,822.4634,4187.3301,45.8365
1994-03-01,10.8663,110.4645,118.1403,701.0437,0.1693
1994-04-01,6.1341,121.1348,64.3215,557.1657,0.0714
1994-05-01,15.8524,152.5786,148.1089,1474.0092,1.5012
1994-06-01,99.1673,296.6609,695.8853,4812.4193,24.2964
1994-07-01,18.7054,148.5523,223.2803,1957.9176,4.0092
1994-08-01,17.0815,197.3772,223.1258,2597.2696,22.2291
1994-09-01,61.2734,349.5564,617.4432,6553.9232,34.6695
1994-10-01,21.9563,170.72,294.5069,2525.0053,19.7324
1994-11-01,13.9944,167.7565,203.1946,3887.0433,20.7323
1994-12-01,1.5444,94.918,32.3906,548.3105,0.1284
1995-01-01,11.5136,115.5849,122.6083,905.7478,2.8301
1995-02-01,2.5941,91.1534,32.4247,255.7161,0.0155
1995-03-01,9.9908,115.4201,132.5433,904.1255,1.7612
1995-04-01,170.2395,584.5445,1581.8063,6836.4467,43.5635
1995-05-01,96.6896,287.5416,873.4651,5056.5024,64.4328
1995-06-01,159.8126,618.9297,1604.1946,9264.2691,723.3404
1995-07-01,227.7675,1958.9928,3682.528,16281.3495,4021.7973
1995-08-01,65.7045,662.6793,1641.4735,6028.4333,460.1965
1995-09-01,26.8429,336.6804,798.1446,3966.2258,72.9642
1995-10-01,104.9112,695.4016,1207.8889,8604.1992,87.4026
1995-11-01,56.263,1206.1829,1472.065,17992.1819,1463.1523
1995-12-01,8.8775,128.6467,272.4895,2465.0774,7.3643
1996-01-01,11.23,120.0987,142.3999,874.765,0.2892
1996-02-01,77.9095,322.481,506.4625,2314.3977,0.5846
1996-03-01,30.7042,156.9441,194.48,933.1341,0.1167
1996-04-01,29.9661,178.18,232.2652,1380.3308,1.6895
1996-05-01,5.8813,128.611,55.8951,531.8533,0.0074
1996-06-01,127.0591,402.6286,648.8359,3762.3243,7.3798
1996-07-01,330.6028,1524.3839,2876.4376,16678.5526,370.6268
1996-08-01,300.8052,2388.0392,3460.2852,18423.8165,635.5668
1996-09-01,784.1274,4442.1954,7974.6512,28267.2896,4754.144
1996-10-01,170.9528,449.7099,1957.9209,5083.312,29.5207
1996-11-01,24.722,114.4311,466.3791,1252.95,0.4099
1996-12-01,6.5516,106.1274,152.0551,490.3045,0.1976
1997-01-01,10.7953,112.679,113.9047,447.2437,0.3623
1997-02-01,1.2282,91.3834,20.6596,150.7733,0.002
1997-03-01,1.1379,110.8153,20.0411,176.1588,0.0005
1997-04-01,0.5651,107.7861,7.767,132.7971,0.0001
1997-05-01,44.873,195.8945,405.2405,1038.6605,4.1798
1997-06-01,15.3917,144.8075,205.0868,723.823,0.3923
1997-07-01,13.81,150.4225,196.7236,573.8864,0.1238
1997-08-01,57.2742,244.3643,591.4595,1593.1571,2.6892
1997-09-01,128.7523,372.9986,1274.5725,3081.7017,17.0825
1997-10-01,28.1583,149.0096,334.7178,1307.4982,0.7063
1997-11-01,54.5795,238.3572,595.5594,2518.6244,16.5445
1997-12-01,4.379,92.2492,79.5841,415.1896,0.0582
1998-01-01,5.6604,96.9431,52.1954,326.8767,0.1105
1998-02-01,6.8897,94.1937,66.0294,323.9105,0.0294
1998-03-01,1.1156,93.9765,12.7688,140.6497,0.0002
1998-04-01,27.6094,131.7197,241.4424,955.5014,2.4844
1998-05-01,13.0766,123.1973,139.4413,545.7266,0.1028
1998-06-01,57.5671,246.6293,633.9388,1875.4058,2.5165
1998-07-01,111.9438,349.0905,1259.712,3236.5136,11.8291
1998-08-01,20.832,131.5125,337.1218,1243.6019,1.0482
1998-09-01,56.5238,225.3402,594.5857,1789.2386,1.9091
1998-10-01,117.6951,362.8745,992.2035,3309.7975,3.2644
1998-11-01,63.3625,279.1479,741.687,2909.3779,1.25
1998-12-01,21.3102,113.0655,210.2144,953.278,0.0126
1999-01-01,6.7818,99.8798,116.422,680.8949,0.0526
1999-02-01,29.2551,163.6729,391.3876,1835.8983,1.56
1999-03-01,15.5917,114.5412,170.6221,1021.4947,0.0885
1999-04-01,2.3358,90.5235,35.2389,288.312,0.0007
1999-05-01,32.8534,137.2159,253.586,1237.4666,1.2545
1999-06-01,50.0866,163.2575,403.0727,1913.8829,1.3365
1999-07-01,13.0292,116.1182,152.7229,1149.9389,0.1656
1999-08-01,124.5784,403.5094,1214.8008,5857.687,4.9441
1999-09-01,31.8937,149.809,388.2567,1924.0909,0.0809
1999-10-01,25.6308,151.3448,312.8616,1491.954,1.1186
1999-11-01,11.2497,93.3955,117.5865,550.092,0.1221
1999-12-01,60.7125,271.8918,642.5492,3202.7289,5.4277
2000-01-01,6.8803,100.7981,118.7231,720.5905,0.0217
2000-02-01,2.7038,71.196,35.7423,213.7583,0.001
2000-03-01,0.6531,78.7813,10.9651,120.167,0
2000-04-01,23.3465,114.5771,230.8972,784.8687,0.1724
2000-05-01,64.6334,306.2218,682.2147,2576.6087,0.4805
2000-06-01,29.1532,130.6454,266.3264,804.9798,0.0026
2000-07-01,94.1933,255.8094,771.1496,2095.1657,0.2357
2000-08-01,40.1775,206.3359,518.3173,1610.2926,1.1455
2000-09-01,200.8662,942.2661,2672.5109,8087.496,53.753
2000-10-01,308.1517,1844.4113,3781.8828,17898.1277,56.3654
2000-11-01,90.8035,119.5251,772.8149,2278.3614,0.6088
2000-12-01,11.9517,78.4632,212.9743,666.7691,0.0154
2001-01-01,3.9799,76.0107,68.1241,248.9425,0.0004
2001-02-01,1.0405,67.6894,22.6497,148.0441,0.0443
2001-03-01,46.0903,115.9304,261.6719,704.6666,0.3771
2001-04-01,50.9876,590.9689,1420.3479,11317.9386,277.1546
2001-05-01,7.6924,93.2156,233.0982,1957.7819,1.4322
2001-06-01,39.08,172.1508,455.9452,2968.6662,57.8282
2001-07-01,6.9206,99.715,105.1585,843.188,0.9662
2001-08-01,163.4431,1144.313,2515.039,13414.6784,482.2961
2001-09-01,63.0943,255.0955,881.4873,3547.052,59.3474
2001-10-01,218.2964,1198.5751,2678.3351,13397.5521,440.7699
2001-11-01,108.5124,581.0148,1237.7228,8287.562,67.4649
2001-12-01,18.9221,139.093,379.5969,2224.1785,8.698
2002-01-01,4.8521,75.952,90.174,490.4775,0.0398
2002-02-01,27.1885,98.3594,269.1851,1021.5739,16.3218
2002-03-01,2.885,76.2334,42.5088,234.3351,0.0624
2002-04-01,6.8785,90.0047,57.4922,387.4205,0.0318
2002-05-01,17.4947,110.8292,154.7023,690.8073,0.2895
2002-06-01,46.932,181.0304,412.1952,2584.9549,6.1714
2002-07-01,32.552,243.0807,688.69,4886.2799,28.8852
2002-08-01,27.6386,226.8063,528.1712,3491.9112,8.2714
2002-09-01,46.2571,253.9963,722.6678,4793.5495,16.0332
2002-10-01,11.1751,107.3774,202.7658,1173.3839,1.0714
2002-11-01,3.2227,71.7087,63.8669,512.4296,1.3213
2002-12-01,3.0078,69.4688,29.4247,205.8788,0.0073
2003-01-01,1.6476,66.7671,14.6046,158.3264,0.0212
2003-02-01,1.4758,66.3878,25.9281,191.2388,0.0081
2003-03-01,3.4431,74.8888,33.4205,209.5745,0.0035
2003-04-01,17.605,159.2121,231.3739,849.1903,0.2045
2003-05-01,7.1489,86.9473,77.9508,300.5333,0.0192
2003-06-01,26.779,163.1647,331.2415,1037.4333,0.8327
2003-07-01,68.6337,397.285,991.3358,3498.523,18.6114
2003-08-01,162.7043,893.9552,2335.4949,6029.7627,103.8354
2003-09-01,67.0333,562.5058,1576.1073,5567.1217,222.5828
2003-10-01,173.9519,1202.7628,2830.1379,16232.8072,1835.3745
2003-11-01,20.9475,109.0489,531.6253,2247.9045,4.31
2003-12-01,6.328,71.0162,154.442,613.5754,0.0248
2004-01-01,6.9512,74.6778,84.0213,401.4955,0.1025
2004-02-01,0.9977,61.5939,24.371,182.009,0.0077
2004-03-01,3.1973,72.7848,49.1416,295.2848,0.0724
2004-04-01,3.9741,76.6182,43.1777,230.0691,0.0205
2004-05-01,16.0825,98.6703,156.5807,627.3727,0.2218
2004-06-01,204.8121,592.0484,2043.1158,4795.6177,17.7737
2004-07-01,107.5625,487.4804,1713.2892,4743.1594,9.3114
2004-08-01,212.1196,1341.0848,3289.7876,8177.7078,17.1331
2004-09-01,145.6079,960.0705,2877.8463,9321.3385,26.5531
2004-10-01,31.7639,142.4205,687.4079,1922.2096,1.0768
2004-11-01,88.6509,304.6566,874.9801,2806.8954,7.5309
2004-12-01,181.6018,520.7765,1644.3855,6829.1813,18.0372
2005-01-01,17.5248,72.7565,235.4123,910.241,0.0767
2005-02-01,210.7588,767.1218,1812.08,11785.2148,24.5816
2005-03-01,17.212,68.8595,246.978,1355.0013,0.0929
2005-04-01,4.3791,71.0441,82.4532,490.7238,0.0045
2005-05-01,2.5357,78.2593,44.3147,253.5645,0.0009
2005-06-01,54.0471,161.7953,407.6562,1696.9702,0.7606
2005-07-01,18.5674,122.7394,239.7431,1492.1304,1.0268
2005-08-01,111.5473,628.0985,1900.8241,10424.47,89.3207
2005-09-01,84.1145,253.1116,914.6484,3687.7449,5.4995
2005-10-01,112.1192,282.8465,1288.8681,7255.379,20.6586
2005-11-01,30.3241,96.7672,351.4614,1537.8995,0.1262
2005-12-01,16.0988,71.1251,126.7401,551.7733,0.0319
2006-01-01,5.2892,64.5692,46.649,302.1736,0.0945
2006-02-01,2.1109,60.3921,43.4687,336.0201,0.0114
2006-03-01,0.5438,61.835,9.0697,113.8367,0.0001
2006-04-01,21.5307,124.2315,265.19,935.0664,1.0422
2006-05-01,27.9141,210.9742,501.4986,1600.2648,1.3087
2006-06-01,4.1096,74.4559,86.3262,314.4961,0.006
2006-07-01,34.0251,237.2124,567.2846,2108.6236,1.6985
2006-08-01,8.4422,98.3779,171.1594,929.0052,0.3544
2006-09-01,5.9204,98.8431,143.449,991.5236,0.8391
2006-10-01,0.7425,58.73,22.7405,198.1411,0.0034
2006-11-01,1.2464,57.9583,17.0511,137.3282,0.0015
2006-12-01,0.4743,54.1298,4.78,72.9675,0
2007-01-01,51.0948,110.5712,286.3223,482.7303,0.1067
2007-02-01,5.0697,51.6554,42.9625,142.0767,0.001
2007-03-01,4.5792,59.1856,38.0275,121.4595,0.0032
2007-04-01,2.0511,59.1819,22.0105,128.3081,0.0417
2007-05-01,66.184,174.4319,510.3604,1117.0755,2.3703
2007-06-01,33.418,134.673,319.754,863.3329,2.3958
2007-07-01,168.4987,984.0665,2898.954,7232.2117,132.6522
2007-08-01,37.214,224.612,773.4864,1927.2419,2.2216
2007-09-01,46.4388,259.7966,724.5635,1604.4014,3.4238
2007-10-01,5.8787,70.768,161.4728,446.3779,0.0425
2007-11-01,107.1455,283.3689,979.1314,4063.6874,52.5362
2007-12-01,51.1705,159.7225,465.8478,1588.244,6.0582
2008-01-01,5.6565,52.7104,81.524,327.3114,0.0219
2008-02-01,4.4172,59.5708,67.5662,405.0929,0.011
2008-03-01,1.8694,54.9762,23.1954,153.6736,0.0026
2008-04-01,0.5801,55.8817,9.2442,88.1825,0.0017
2008-05-01,20.7493,106.7317,231.8596,823.1709,0.7374
2008-06-01,16.3353,87.1783,192.5587,596.2162,0.0881
2008-07-01,83.4187,201.7524,800.6357,1893.5435,2.322
2008-08-01,141.9572,507.6416,1883.7578,4424.0458,5.6797
2008-09-01,23.9439,87.5452,427.632,1074.6558,0.7498
2008-10-01,3.7483,53.1613,101.8769,274.6203,0.0033
2008-11-01,17.8361,65.6294,142.7266,418.058,0.0724
2008-12-01,80.9675,226.6844,688.4065,2224.7598,5.3563
2009-01-01,6.0679,46.4327,79.7127,304.1172,0.0205
2009-02-01,1.4639,42.645,22.1929,104.0726,0
2009-03-01,10.1069,58.0917,51.1543,171.6756,0.0066
2009-04-01,7.0485,61.7356,73.6727,311.0824,0.0513
2009-05-01,2.8837,58.2304,33.9157,138.769,0.0008
2009-06-01,19.6263,73.4706,174.3475,342.802,0.1868
2009-07-01,74.0402,200.1892,644.7144,1358.1461,2.9737
2009-08-01,90.0162,452.3628,1341.6274,3321.8451,30.0344
2009-09-01,195.1673,717.6911,2243.2154,5200.656,45.5857
2009-10-01,26.7172,96.9084,498.223,1362.9691,0.6483
2009-11-01,177.8538,341.9509,1202.5553,3835.4155,23.399
2009-12-01,19.9612,57.5182,210.7703,795.0734,0.3262
2010-01-01,4.4324,46.0807,56.1729,231.2663,0.0081
2010-02-01,4.8757,43.3441,27.4162,165.8742,0.0722
2010-03-01,90.7301,87.0189,335.0338,1098.4929,7.4169
2010-04-01,32.3411,88.4176,270.2387,1157.2882,4.9329
2010-05-01,22.556,116.7964,257.6459,1388.3564,1.803
2010-06-01,45.7576,130.7051,301.849,1351.7094,11.7222
2010-07-01,39.5354,82.2663,212.3132,888.5359,4.8199
2010-08-01,910.8892,2041.1178,6822.2991,18397.2457,1630.5105
2010-09-01,649.1314,1645.9311,5407.669,15372.8249,1012.1551
2010-10-01,469.9259,1959.8028,5864.0034,21275.9728,4693.6174
2010-11-01,546.8258,1348.1541,3729.9983,13439.8184,192.639
2010-12-01,171.5017,414.4821,1423.4522,3497.241,4.3112
2011-01-01,1386.8358,1735.1039,6174.4426,23695.4837,3522.8465
2011-02-01,612.0822,576.1855,2195.4847,11185.432,30.7894
2011-03-01,77.4307,88.3003,471.8932,1734.5803,1.0603
2011-04-01,45.8881,163.6451,328.322,2020.3375,5.3316
2011-05-01,139.1947,455.5199,672.2914,5206.4287,19.384
2011-06-01,91.5321,616.6155,595.3742,8465.0014,187.2888
2011-07-01,161.7792,1197.9436,886.159,8645.9699,505.4715
2011-08-01,66.6014,214.6812,297.9749,1579.5899,4.0404
2011-09-01,66.1964,362.6031,386.8031,1692.2374,1.1585
2011-10-01,286.1556,1603.9714,1930.9062,8054.9088,21.5506
2011-11-01,250.8057,1154.5459,1462.8474,10952.1199,15.5159
2011-12-01,22.6989,88.9472,234.3769,1136.29,0.0576
2012-01-01,5.4598,60.8142,65.164,313.3234,0.0051
2012-02-01,31.8929,93.4371,150.0167,543.9174,0.0181
2012-03-01,27.6503,92.6756,146.6399,649.5054,0.1504
2012-04-01,12.9578,108.6405,151.2223,797.2634,0.144
2012-05-01,38.4624,264.1095,474.9884,2503.6879,1.6962
2012-06-01,221.2639,2155.0017,3154.0399,17599.1941,71.0581
2012-07-01,234.996,1803.2255,2821.0749,11348.9109,13.863
2012-08-01,236.191,2418.3354,3919.7238,12739.0841,61.9057
2012-09-01,95.0549,1061.0763,2357.1971,7012.0634,56.7225
2012-10-01,25.6359,208.0405,794.2723,2147.2266,3.3912
2012-11-01,10.1425,109.5449,311.514,951.2977,2.5482
2012-12-01,7.5898,90.003,129.3615,518.3067,0.0777
2013-01-01,0.9433,65.1932,25.9145,139.9395,0.0003
2013-02-01,26.7369,78.3897,127.3634,328.0597,0.0163
2013-03-01,3.3327,70.5066,24.9361,132.5615,0.0007
2013-04-01,1.2067,73.0479,16.1834,117.2331,0.0003
2013-05-01,10.4526,92.1542,88.0841,265.6349,0.0753
2013-06-01,34.7808,294.1076,813.1761,2993.6062,68.2492
2013-07-01,96.6088,588.0331,1935.5011,4909.6026,38.0209
2013-08-01,153.9387,1264.0499,3848.9994,9169.2432,228.8898
2013-09-01,101.984,504.7227,1709.8858,4176.936,91.7084
2013-10-01,126.5355,849.0287,2440.1198,7011.1136,148.6824
2013-11-01,42.34,347.5024,820.9025,2413.9013,1.6274
2013-12-01,7.6351,79.7091,201.1881,557.0788,0.0247
2014-01-01,2.2709,66.4963,58.1868,222.7746,0.0102
2014-02-01,0.5884,59.2575,16.1839,95.6229,0.0001
2014-03-01,3.5704,74.8291,49.1819,261.0921,0.1507
2014-04-01,38.5067,190.1005,551.0947,1805.764,11.5851
2014-05-01,10.4884,87.6562,137.67,495.3477,0.0637
2014-06-01,181.3915,604.9262,1833.5338,4770.7648,34.0983
2014-07-01,110.2536,514.2784,1608.3143,3486.1658,13.6481
2014-08-01,35.2164,352.3945,912.4651,2819.712,6.2357
2014-09-01,22.9462,137.3227,399.2673,1200.3998,0.4978
2014-10-01,12.439,118.2723,214.0174,625.6696,0.0083
2014-11-01,11.2385,108.71,194.851,981.3117,0.5565
2014-12-01,2.2151,68.8858,44.3366,367.4137,0.0202
2015-01-01,29.5792,118.1554,217.715,1248.8344,1.5111
2015-02-01,13.6856,83.9774,195.8983,716.188,0.8129
2015-03-01,6.6348,76.1248,66.6745,319.1029,0.0144
2015-04-01,9.7565,106.7669,112.1969,671.211,0.0639
2015-05-01,28.6663,212.432,423.6711,1627.7841,3.3187
2015-06-01,10.3447,103.7741,162.0741,945.5809,0.4263
2015-07-01,51.1424,301.3324,586.4393,2740.0666,1.5693
2015-08-01,34.2237,345.1006,595.258,3112.6087,0.8574
2015-09-01,23.5981,172.9711,401.3487,1738.5248,1.838
2015-10-01,2.0103,60.8827,60.1185,330.1892,0.0076
2015-11-01,1.5733,63.7742,40.6246,443.2444,0.1124
2015-12-01,2.1394,57.832,22.2449,149.4189,0.003
2016-01-01,5.0534,63.4411,30.2539,216.0476,0.0279
2016-02-01,1.1114,53.7562,10.6876,107.7335,0.0047
2016-03-01,4.1721,67.2696,50.4424,182.218,0.0149
2016-04-01,0.8897,60.5885,11.5203,92.0494,0.0009
2016-05-01,70.2755,176.9556,551.5081,1401.8786,5.3958
2016-06-01,121.764,339.541,1108.6937,2499.8058,6.6571
2016-07-01,355.2509,2479.117,5734.024,14025.2814,385.1065
2016-08-01,157.7635,1037.1827,3084.6237,6585.4957,38.6879
2016-09-01,1845.5734,5159.9783,15832.3389,30815.6813,945.2486
2016-10-01,1047.6185,2766.7852,10460.065,24097.4788,3990.7688
2016-11-01,131.641,100.8244,1886.3082,3072.1705,6.8034
2016-12-01,32.2798,78.2375,605.9272,993.8688,0.0482
2017-01-01,15.5796,78.3754,222.2157,484.1279,0.1324
2017-02-01,18.1576,74.9919,120.2574,345.9771,0.1361
2017-03-01,7.1666,79.1665,68.9818,417.7177,0.0873
2017-04-01,184.315,558.6268,1687.8971,6753.3632,219.8839
2017-05-01,40.4933,116.4661,402.3127,1846.4505,4.8854
2017-06-01,9.1551,96.8011,131.1732,675.9621,0.0672
2017-07-01,62.886,218.9231,644.7658,2218.7326,25.4773
2017-08-01,122.3291,635.8549,1483.6458,5207.4777,120.7289
2017-09-01,97.8218,850.0838,1856.5709,9307.4774,306.2379
2017-10-01,51.6757,259.5913,998.3983,3061.0735,16.1421
2017-11-01,26.3796,148.0371,368.1641,1487.5114,1.3997
2017-12-01,21.7235,95.4546,201.038,679.3315,0.1826
2018-01-01,6.9351,69.8005,59.6098,373.5565,0.0689
2018-02-01,1.0651,61.8817,13.641,118.1764,0.0004
2018-03-01,3.4253,71.7822,26.0287,125.8289,0.001
2018-04-01,1.6904,72.2587,15.4356,109.6165,0.0014
2018-05-01,94.7854,334.9587,896.9237,2685.8967,7.9371
2018-06-01,43.1009,162.1411,455.6955,1409.5073,1.3557
2018-07-01,102.6713,563.5184,1935.5817,5166.0463,54.1812
2018-08-01,83.0403,595.8112,1669.0835,3979.817,17.6367
2018-09-01,11.1422,121.8632,398.5546,1120.7509,0.6147
2018-10-01,4.6948,76.4549,142.9588,418.4083,0.1207
2018-11-01,15.6593,105.0785,156.5997,661.8411,0.3231
2018-12-01,80.0592,135.5704,405.408,1066.4222,1.5404
2019-01-01,5.9084,60.3768,46.2413,181.7531,0.006
2019-02-01,1.7779,58.9977,18.812,182.6441,0.048
2019-03-01,1.2716,65.7823,11.6175,115.1862,0.003
2019-04-01,0.7295,66.4124,7.8868,89.5397,0.0001
2019-05-01,490.0857,1593.5956,4252.0324,10900.9354,216.8591
2019-06-01,364.8696,1927.8942,4093.5884,11037.4779,419.5439
2019-07-01,155.6221,2320.5915,4153.5573,11239.538,812.4669
2019-08-01,318.2546,3924.9901,7643.289,19698.1056,2610.8609
2019-09-01,116.7362,800.3327,3260.2262,6269.3379,36.8828
2019-10-01,26.4432,165.8483,933.1691,2035.9999,3.4478
2019-11-01,74.7731,268.2285,823.1989,2282.9166,6.8969
2019-12-01,5.6623,75.1159,136.3371,389.3472,0.0246
