# Sample flow file,,,,,,,
# Scenario B flow,,,,,,,
# To be processed using flow stress calculator (FlowStress_main.py),,,,,,,
# Robert Morden University of Melbourne February 2024,,,,,,,
,year,month,C1,C2,C3,C4,C5
1889-01-01,1889,1,312.1456,80.9144,1055.1921,1769.5211,121.1892
1889-02-01,1889,2,86.3419,28.7057,313.8626,762.51,0.2284
1889-03-01,1889,3,22.6951,1.2267,87.1238,170.5813,0.0012
1889-04-01,1889,4,285.6805,741.7336,2905.6235,8024.8532,27.5257
1889-05-01,1889,5,225.6347,552.5118,2171.8193,4662.6335,2.9573
1889-06-01,1889,6,1435.9191,3830.1925,13519.8704,25932.8792,1118.3143
1889-07-01,1889,7,195.7934,1828.38,8955.0748,16928.5673,517.9074
1889-08-01,1889,8,555.2219,3008.4887,11139.1437,20498.1079,1467.9105
1889-09-01,1889,9,165.0564,483.103,4095.0414,7277.4615,122.6008
1889-10-01,1889,10,315.6186,1313.2908,5186.5177,14951.7848,3326.3196
1889-11-01,1889,11,160.2806,144.3421,1557.7978,3529.9504,20.757
1889-12-01,1889,12,37.6412,40.712,433.4488,952.8831,0.1304
1890-01-01,1890,1,32.4916,29.2535,185.6697,583.0737,0.377
1890-02-01,1890,2,4.6276,24.3375,50.8398,165.1459,0.0078
1890-03-01,1890,3,23.2471,69.7523,221.9018,932.1606,0.272
1890-04-01,1890,4,10.4991,27.239,61.7142,328.9214,0.0939
1890-05-01,1890,5,19.8333,66.9526,183.1924,874.8548,0.6184
1890-06-01,1890,6,60.3427,93.2535,375.2797,2140.4164,10.0471
1890-07-01,1890,7,79.2286,142.0609,687.033,3266.0339,22.5221
1890-08-01,1890,8,155.1694,633.9729,2172.8047,7725.734,221.7715
1890-09-01,1890,9,100,1134.1989,2852.9844,12785.2782,343.4422
1890-10-01,1890,10,100,332.6108,1604.5183,7347.3428,307.4262
1890-11-01,1890,11,222.1386,596.0422,2595.7686,11768.1896,152.4339
1890-12-01,1890,12,53.7938,60.4522,584.4491,2158.3817,6.0605
1891-01-01,1891,1,11.5538,32.0603,169.8505,538.276,0.0296
1891-02-01,1891,2,2.7418,27.6597,51.0747,153.2653,0
1891-03-01,1891,3,61.9257,46.4893,140.9624,318.6281,0.0126
1891-04-01,1891,4,18.7635,91.148,232.0737,672.2567,0.0455
1891-05-01,1891,5,49.7249,55.9536,330.7346,888.4624,1.9577
1891-06-01,1891,6,91.9943,287.4679,1184.4636,5009.7473,72.0823
1891-07-01,1891,7,296.2318,2373.9521,7743.9128,18352.1846,7.4586
1891-08-01,1891,8,142.7778,3363.6259,7871.1433,19920.0748,0.4026
1891-09-01,1891,9,100,759.2159,3257.5305,7632.8329,12.0065
1891-10-01,1891,10,330.4681,1746.3455,6226.6472,17454.6895,78.5294
1891-11-01,1891,11,100,274.5771,1878.0036,4416.6184,5.8829
1891-12-01,1891,12,68.9238,100,779.8524,1805.0705,2.3236
1892-01-01,1892,1,10.9962,47.4447,195.7173,446.7107,0.0126
1892-02-01,1892,2,2.8827,42.4626,61.7482,151.5146,0
1892-03-01,1892,3,18.6868,76.345,181.4315,815.1354,0.7634
1892-04-01,1892,4,547.81,947.2395,5583.601,14379.1178,278.7222
1892-05-01,1892,5,212.8156,607.7402,3573.5743,10323.9408,33.7796
1892-06-01,1892,6,196.8889,864.6684,4519.9303,11690.1155,53.4858
1892-07-01,1892,7,100,816.1639,5737.1926,12015.1927,125.1468
1892-08-01,1892,8,353.9994,3555.0446,13295.2278,25039.6334,968.8451
1892-09-01,1892,9,181.4201,1457.156,6252.0779,13337.6501,189.6788
1892-10-01,1892,10,118.3343,978.6448,3527.5808,8925.6058,42.5093
1892-11-01,1892,11,263.1656,429.9617,2587.437,5414.3429,36.2902
1892-12-01,1892,12,100,224.499,1122.9497,3573.3453,5.5386
1893-01-01,1893,1,18.5181,63.4057,249.9877,660.7332,0.0273
1893-02-01,1893,2,4.6144,57.0832,78.1531,224.2318,0
1893-03-01,1893,3,23.8963,109.8684,191.4857,1018.5394,0.0527
1893-04-01,1893,4,120.3769,329.1396,1616.6307,4385.629,19.6463
1893-05-01,1893,5,483.2915,1604.3946,5544.201,17192.4665,154.6525
1893-06-01,1893,6,174.9941,715.9854,3248.6906,12468.5131,136.8896
1893-07-01,1893,7,100,1354.37,4956.8268,13817.5008,230.8948
1893-08-01,1893,8,234.4849,3539.4084,11087.9311,24482.932,454.0074
1893-09-01,1893,9,414.6223,4221.7269,13087.6857,30447.9244,4804.7794
1893-10-01,1893,10,889.7791,2774.5564,11501.5204,26782.3186,2588.0789
1893-11-01,1893,11,414.806,1155.3878,4638.0977,15015.5077,115.5021
1893-12-01,1893,12,79.3566,135.7769,1201.2589,2605.8017,1.1078
1894-01-01,1894,1,19.8456,91.5215,369.1758,779.2485,0.0395
1894-02-01,1894,2,5.2506,82.8098,117.5342,352.5822,0.016
1894-03-01,1894,3,53.9026,96.218,214.5583,490.7621,0.5199
1894-04-01,1894,4,100,240.9163,1033.0692,2641.8522,11.0933
1894-05-01,1894,5,100,394.7691,1685.8391,4287.242,2.9851
1894-06-01,1894,6,147.7457,1022.0338,3978.1514,10675.1854,85.402
1894-07-01,1894,7,434.283,2897.8552,13006.8184,28907.6795,1348.3929
1894-08-01,1894,8,186.3706,2152.346,9356.7048,17455.9117,329.4726
1894-09-01,1894,9,590.3401,2751.6605,13114.7964,23825.6301,1519.0005
1894-10-01,1894,10,1472.2958,2243.0419,14675.794,30833.987,7934.685
1894-11-01,1894,11,133.5991,113.3281,2655.8575,4109.4483,20.9183
1894-12-01,1894,12,100,260.778,1473.526,3213.657,3.6868
1895-01-01,1895,1,60.3205,123.926,508.1793,1238.0643,0.7576
1895-02-01,1895,2,9.8177,96.3956,128.1902,348.6527,0.0038
1895-03-01,1895,3,16.2598,115.6362,154.3347,572.3906,0.5278
1895-04-01,1895,4,100,166.9197,507.9724,1586.9545,2.1693
1895-05-01,1895,5,22.5919,128.4705,233.5907,991.3831,0.2021
1895-06-01,1895,6,54.0621,158.2118,576.1543,2345.1414,11.1922
1895-07-01,1895,7,100,344.6207,1655.5408,4834.3873,17.4843
1895-08-01,1895,8,133.8967,1058.7923,5289.2412,17371.6263,865.6373
1895-09-01,1895,9,209.0617,1606.5943,4821.1544,19523.5968,632.0681
1895-10-01,1895,10,46.0719,142.9586,1080.8793,2997.2684,3.5809
1895-11-01,1895,11,9.8223,100,302.9114,807.6815,0.0055
1895-12-01,1895,12,32.8039,143.9215,414.5849,1310.9297,0.2405
1896-01-01,1896,1,14.6816,112.2575,200.8471,1135.0189,3.4327
1896-02-01,1896,2,41.1884,142.0909,365.1229,1769.2152,2.4079
1896-03-01,1896,3,18.4896,109.8793,146.947,1011.6571,0.9883
1896-04-01,1896,4,107.7392,273.7431,906.1379,5061.6369,150.0808
1896-05-01,1896,5,100,523.9209,2030.2666,12362.0396,190.5257
1896-06-01,1896,6,44.211,416.6472,1223.9929,11846.5807,533.1511
1896-07-01,1896,7,100,1291.4173,3727.0172,13570.8846,696.1098
1896-08-01,1896,8,100,2255.7339,6714.4755,18641.2824,786.7957
1896-09-01,1896,9,100,1754.3157,5876.8502,16167.985,161.3997
1896-10-01,1896,10,18.4501,106.4359,1061.4881,2189.268,1.1963
1896-11-01,1896,11,12.4478,103.8791,389.2207,811.6769,0.0062
1896-12-01,1896,12,6.2368,105.1769,145.8985,418.3964,0.0237
1897-01-01,1897,1,207.5618,409.3006,1369.1712,4182.3077,4.2726
1897-02-01,1897,2,57.0341,175.5545,533.8846,2518.592,2.2329
1897-03-01,1897,3,19.7982,122.068,217.2878,1312.0959,0.3603
1897-04-01,1897,4,13.3159,107.0064,124.0508,669.5664,0.0149
1897-05-01,1897,5,19.013,135.7403,200.7351,1778.6903,0.6687
1897-06-01,1897,6,37.7692,133.6079,290.2763,2211.1218,0.9131
1897-07-01,1897,7,61.052,205.755,661.3335,4323.0649,1.5671
1897-08-01,1897,8,100,421.9058,2064.8834,10877.2693,32.9301
1897-09-01,1897,9,96.6334,364.1925,1240.9646,5655.9251,1.9239
1897-10-01,1897,10,100,495.5288,1509.286,5625.5706,3.3754
1897-11-01,1897,11,33.1783,121.2081,357.967,1283.2202,0.4449
1897-12-01,1897,12,7.6344,100,103.7284,403.135,0.0026
1898-01-01,1898,1,1.7824,99.6769,33.6167,177.5407,0
1898-02-01,1898,2,2.0491,90.4626,15.1285,117.2813,0
1898-03-01,1898,3,0.5438,98.6991,7.509,115.9941,0.0002
1898-04-01,1898,4,35.2097,139.8168,380.9134,979.2451,0.8571
1898-05-01,1898,5,30.6344,179.3408,412.5542,1439.199,3.033
1898-06-01,1898,6,100,274.5704,1121.3618,2515.8714,12.904
1898-07-01,1898,7,100,459.849,2265.7026,4435.7786,9.2921
1898-08-01,1898,8,31.2947,155.3925,738.8268,1527.5978,1.9756
1898-09-01,1898,9,100,557.2608,2061.6931,5338.5784,54.936
1898-10-01,1898,10,95.8729,253.3929,1013.8208,2336.385,1.4554
1898-11-01,1898,11,49.6124,114.4993,399.9343,1062.3849,0.4532
1898-12-01,1898,12,15.9305,103.3253,165.4246,633.1705,0.0515
1899-01-01,1899,1,32.3297,127.0194,304.7906,1191.3555,2.4837
1899-02-01,1899,2,22.2703,92.1679,119.3452,531.9014,0.1544
1899-03-01,1899,3,41.8616,115.6513,166.0024,1186.758,7.9416
1899-04-01,1899,4,67.7957,303.4597,857.4031,4434.8058,7.3184
1899-05-01,1899,5,61.9594,273.9494,725.3111,5753.4575,43.8543
1899-06-01,1899,6,245.0555,1417.6982,2572.5464,19452.8402,1354.0264
1899-07-01,1899,7,36.0849,172.5182,470.9642,4173.8314,9.1932
1899-08-01,1899,8,89.4778,843.053,1290.9744,7867.3734,163.716
1899-09-01,1899,9,33.0877,241.531,600.998,3659.2195,117.6916
1899-10-01,1899,10,60.7461,372.8301,717.6285,2847.0111,19.7004
1899-11-01,1899,11,100,505.5009,1283.7319,9516.5693,126.0496
1899-12-01,1899,12,15.8646,95.1259,219.1078,1065.1472,0.7658
1900-01-01,1900,1,14.9235,98.9759,113.7286,609.7832,0.4059
1900-02-01,1900,2,2.3016,83.2294,28.1148,185.3249,0.0021
1900-03-01,1900,3,100,213.6264,964.911,2599.0819,14.8658
1900-04-01,1900,4,105.9156,492.4072,1732.4616,7746.9758,246.4652
1900-05-01,1900,5,111.0188,1356.1977,2829.7961,13742.4934,332.7996
1900-06-01,1900,6,253.3512,2586.6017,4605.0342,18333.3802,3496.4511
1900-07-01,1900,7,50.7355,1248.6018,2428.4486,7240.5205,141.1386
1900-08-01,1900,8,394.5494,4504.6169,11848.5333,27629.0456,6778.0928
1900-09-01,1900,9,152.2705,2193.5447,6434.1432,17027.6497,1544.3381
1900-10-01,1900,10,52.1323,194.8961,2027.13,3577.6141,7.8644
1900-11-01,1900,11,16.8981,105.6709,544.3217,988.797,0.0281
1900-12-01,1900,12,8.7506,105.9776,194.6524,439.4221,0.0015
1901-01-01,1901,1,46.9431,190.6891,369.9222,1363.5251,2.7803
1901-02-01,1901,2,5.3727,99.384,63.668,290.7024,0.0143
1901-03-01,1901,3,34.1456,178.7482,273.2317,1020.6446,0.2175
1901-04-01,1901,4,191.3347,722.7286,2416.3238,8999.733,98.5153
1901-05-01,1901,5,41.0785,155.1817,477.1383,2086.3813,1.2392
1901-06-01,1901,6,185.3924,675.6393,1159.1287,5996.5729,75.6473
1901-07-01,1901,7,53.2031,341.833,539.6731,4347.2196,6.2717
1901-08-01,1901,8,60.7489,1002.5376,1629.2597,9836.8909,66.4466
1901-09-01,1901,9,162.689,757.2718,1988.0603,9466.0731,228.7065
1901-10-01,1901,10,100,345.2871,1049.8226,3142.7554,59.3856
1901-11-01,1901,11,25.7794,106.583,250.3312,859.0574,0.3998
1901-12-01,1901,12,7.2167,101.1431,83.6318,341.9739,0.0285
1902-01-01,1902,1,18.0295,126.0344,105.6144,455.4516,0.0134
1902-02-01,1902,2,7.7457,100,69.0796,350.7271,0.0331
1902-03-01,1902,3,65.5678,187.918,335.0018,1533.5998,0.2534
1902-04-01,1902,4,7.0092,100,47.6437,303.4237,0.0013
1902-05-01,1902,5,8.6465,108.8966,98.7683,303.9909,0.0035
1902-06-01,1902,6,100,298.8518,996.4518,2475.8515,2.7884
1902-07-01,1902,7,17.8202,111.301,261.4483,801.8656,0.1869
1902-08-01,1902,8,11.897,126.2367,217.5052,697.4235,0.3584
1902-09-01,1902,9,47.8533,198.6029,602.3346,2089.4574,4.2354
1902-10-01,1902,10,19.336,121.6246,206.3755,769.0078,0.0798
1902-11-01,1902,11,3.9244,96.618,52.517,256.4153,0.001
1902-12-01,1902,12,120.6007,745.3242,2085.7129,7384.999,25.9128
1903-01-01,1903,1,24.5723,100,328.6015,1210.0455,0.14
1903-02-01,1903,2,21.8046,100,222.6283,769.3355,0.2386
1903-03-01,1903,3,37.89,184.8694,351.486,2064.2808,3.9404
1903-04-01,1903,4,149.7921,293.1922,1345.1258,6547.6104,43.7576
1903-05-01,1903,5,52.938,143.6483,426.5451,2441.4678,1.2581
1903-06-01,1903,6,97.454,306.7282,1002.6711,7735.1533,30.7182
1903-07-01,1903,7,226.4317,1045.8459,4066.7411,15987.9693,560.9415
1903-08-01,1903,8,49.3221,141.2941,938.3473,3710.1339,46.4828
1903-09-01,1903,9,135.4446,1303.1975,2486.1292,11389.1628,237.1184
1903-10-01,1903,10,100,606.5755,1375.2396,5833.6132,30.2234
1903-11-01,1903,11,327.5118,814.0399,1906.3612,9348.0472,211.5899
1903-12-01,1903,12,83.5139,145.7231,639.2734,2490.1551,3.6381
1904-01-01,1904,1,227.1717,492.4268,1462.0281,12340.5,58.8124
1904-02-01,1904,2,143.6453,581.2199,1418.6068,12986.0329,93.334
1904-03-01,1904,3,26.8857,100,267.1343,1526.9429,1.0655
1904-04-01,1904,4,9.8735,97.8242,110.2528,596.0329,0.5017
1904-05-01,1904,5,101.2265,334.4101,1042.2731,4634.6024,47.4867
1904-06-01,1904,6,289.4714,862.1855,2515.6579,10510.7772,207.1779
1904-07-01,1904,7,100,735.4901,2155.771,11437.3296,1565.0518
1904-08-01,1904,8,112.7117,530.6045,2399.8886,8644.6439,1584.41
1904-09-01,1904,9,56.9162,427.9865,1153.9454,3668.9189,191.5443
1904-10-01,1904,10,135.0658,617.8415,1841.46,6838.967,172.3358
1904-11-01,1904,11,47.8592,177.7471,588.9531,2064.3488,8.5051
1904-12-01,1904,12,8.8842,98.3519,139.9524,489.7993,0.0407
1905-01-01,1905,1,7.0037,100,75.9835,450.8202,0.5476
1905-02-01,1905,2,6.7291,91.886,47.268,260.2802,0.0518
1905-03-01,1905,3,1.2893,96.0426,13.1121,142.7344,0.0045
1905-04-01,1905,4,27.9795,126.354,171.2342,672.7386,0.1285
1905-05-01,1905,5,100,512.0737,1919.6794,5277.6154,21.2259
1905-06-01,1905,6,95.7193,235.5093,838.8643,2244.1304,5.2805
1905-07-01,1905,7,350.8231,1518.003,4946.4016,11977.1387,67.158
1905-08-01,1905,8,72.0843,277.7325,1275.868,3424.6678,1.3791
1905-09-01,1905,9,119.8199,602.9848,1939.2312,7670.3365,99.9933
1905-10-01,1905,10,264.1818,1585.397,3254.9843,9847.595,66.1767
1905-11-01,1905,11,53.4033,133.6017,649.8253,1600.6928,1.0273
1905-12-01,1905,12,88.8042,157.9908,469.9362,1183.7133,0.2031
1906-01-01,1906,1,11.2393,97.7296,99.6131,296.708,0.001
1906-02-01,1906,2,4.8053,89.4875,41.0079,167.7505,0.0034
1906-03-01,1906,3,130.9923,313.38,1056.0576,3859.353,7.1983
1906-04-01,1906,4,23.7987,97.0172,178.7947,696.0553,0.0389
1906-05-01,1906,5,100,269.159,1012.2256,3253.7709,25.2788
1906-06-01,1906,6,230.9292,965.6342,2409.6518,7730.9285,105.8644
1906-07-01,1906,7,219.5799,1440.4649,3901.0941,13055.2108,709.88
1906-08-01,1906,8,197.5113,2045.7623,4094.3477,15142.0006,606.7951
1906-09-01,1906,9,436.684,2565.4798,4540.3292,15748.5148,630.1748
1906-10-01,1906,10,673.3652,2479.6513,6731.9573,21049.0004,3341.3591
1906-11-01,1906,11,564.8099,1527.91,4728.8158,14035.8509,1784.5801
1906-12-01,1906,12,79.8765,109.6851,879.4369,1836.8536,2.5727
1907-01-01,1907,1,21.6504,105.7835,292.7004,625.3864,0.0041
1907-02-01,1907,2,8.4469,100,100.184,290.3108,0.0037
1907-03-01,1907,3,3.3611,107.3914,49.2747,250.2371,0.0025
1907-04-01,1907,4,134.9521,436.4212,1116.5458,3502.4221,32.71
1907-05-01,1907,5,72.8577,224.5132,604.9031,2060.4312,3.5444
1907-06-01,1907,6,23.9729,195.1621,345.6383,1796.7712,5.1391
1907-07-01,1907,7,100,428.6492,1529.6243,3766.7228,17.2392
1907-08-01,1907,8,157.6701,1436.0463,4381.6545,11861.0867,295.7508
1907-09-01,1907,9,33.9965,205.8365,976.2183,2515.3586,5.7144
1907-10-01,1907,10,16.8608,126.1114,414.2217,1164.688,1.0493
1907-11-01,1907,11,47.5027,133.778,289.1708,779.2231,0.1692
1907-12-01,1907,12,215.072,442.9716,1626.8346,5742.6833,118.5813
1908-01-01,1908,1,29.4451,102.0335,237.6086,935.8971,0.6059
1908-02-01,1908,2,7.6709,97.4707,76.4463,334.6406,0.0042
1908-03-01,1908,3,28.2169,129.865,200.541,768.9157,0.3439
1908-04-01,1908,4,3.314,100,33.3567,207.8785,0.0018
1908-05-01,1908,5,57.0742,141.4554,322.689,738.8185,0.2252
1908-06-01,1908,6,100,280.4342,1043.4599,2321.085,6.142
1908-07-01,1908,7,24.9171,122.152,304.8017,1110.1129,1.023
1908-08-01,1908,8,48.1749,243.6921,857.9621,1801.2984,1.2047
1908-09-01,1908,9,253.5038,1097.0399,4263.6482,9644.4369,121.0805
1908-10-01,1908,10,121.664,545.5917,2355.5928,6308.7927,10.6264
1908-11-01,1908,11,56.8005,127.8287,676.8378,1695.8597,0.2588
1908-12-01,1908,12,11.2579,100,184.8443,503.4734,0.0021
1909-01-01,1909,1,20.4162,120.0235,166.6324,895.4097,1.1035
1909-02-01,1909,2,9.4245,100,74.2815,384.273,0.0074
1909-03-01,1909,3,20.4027,124.1731,169.7223,893.8492,0.6195
1909-04-01,1909,4,89.0761,253.6255,649.2067,2069.5822,1.0765
1909-05-01,1909,5,289.5224,904.0057,1606.5,6033.8609,13.4536
1909-06-01,1909,6,278.0292,2375.4306,4368.8129,16777.5314,269.8123
1909-07-01,1909,7,100,2280.2555,3828.9205,12914.8523,22.9978
1909-08-01,1909,8,1588.5847,7696.0408,21824.2795,47593.7084,8915.6287
1909-09-01,1909,9,223.7234,696.8187,5375.0428,9299.4371,60.1383
1909-10-01,1909,10,96.4192,183.8571,1706.4901,2911.5582,4.0682
1909-11-01,1909,11,22.0819,127.546,513.8482,1015.4576,0.2319
1909-12-01,1909,12,48.6697,138.3373,312.5247,884.1254,0.8206
1910-01-01,1910,1,27.5497,120.965,149.3255,526.289,0.0606
1910-02-01,1910,2,5.1482,103.9464,36.6748,191.3779,0.0003
1910-03-01,1910,3,102.308,200.2688,722.3404,1731.3687,5.0971
1910-04-01,1910,4,17.5237,113.4333,117.1671,408.7587,0.0333
1910-05-01,1910,5,100,243.2577,763.5322,2088.2345,2.5892
1910-06-01,1910,6,94.0338,169.2501,389.0586,1023.0445,0.547
1910-07-01,1910,7,126.7007,351.1955,1819.4355,3956.0182,14.7302
1910-08-01,1910,8,100,301.5602,1234.852,2919.9495,24.2182
1910-09-01,1910,9,466.8677,1498.7676,5816.3592,14248.102,247.3215
1910-10-01,1910,10,144.0012,470.4073,2259.8179,8655.7605,42.7067
1910-11-01,1910,11,100,298.2376,1181.4039,3456.9768,3.99
1910-12-01,1910,12,51.1121,153.242,401.3531,1598.9395,0.5862
1911-01-01,1911,1,13.0822,117.0876,114.0017,459.5998,0.0034
1911-02-01,1911,2,444.9126,416.3982,2729.6593,6202.9592,34.5417
1911-03-01,1911,3,759.4224,1971.7033,5582.7871,19024.1826,68.8833
1911-04-01,1911,4,96.8297,127.4827,863.0262,2745.8019,0.437
1911-05-01,1911,5,107.6216,569.833,1220.1791,6344.4158,3.3029
1911-06-01,1911,6,260.5457,1693.0429,2756.2195,13107.4167,79.6822
1911-07-01,1911,7,100,1547.3073,2233.9503,9001.7099,53.3132
1911-08-01,1911,8,51.9085,354.5385,985.1425,2723.6162,1.7058
1911-09-01,1911,9,618.4577,5675.0389,12601.1065,38700.2005,4616.068
1911-10-01,1911,10,100,245.4486,2653.3343,5922.5609,24.0309
1911-11-01,1911,11,28.1104,123.9948,708.0726,1512.7597,0.0362
1911-12-01,1911,12,254.4199,446.4593,1538.1229,4893.9115,45.5023
1912-01-01,1912,1,32.2492,124.1327,250.3887,842.626,0.2321
1912-02-01,1912,2,12.0583,113.0304,90.0751,363.1441,0.002
1912-03-01,1912,3,11.2031,139.9031,93.8527,454.5529,0.061
1912-04-01,1912,4,42.4077,222.4297,425.5775,1190.2238,0.2991
1912-05-01,1912,5,11.4669,137.0046,136.2397,577.7762,0.0246
1912-06-01,1912,6,59.3678,250.6273,421.6037,1504.7203,0.5097
1912-07-01,1912,7,38.799,187.6381,308.4248,1104.8929,0.1755
1912-08-01,1912,8,46.5226,233.453,519.7803,1357.8454,0.2062
1912-09-01,1912,9,394.6154,928.6466,2824.176,8738.5771,59.6944
1912-10-01,1912,10,54.5147,137.4719,490.5254,1707.7547,1.0495
1912-11-01,1912,11,100,307.1868,813.9413,3056.0392,15.3225
1912-12-01,1912,12,73.1235,158.2026,398.1917,1410.7869,1.9639
1913-01-01,1913,1,10.0623,115.006,81.5232,363.563,0.0096
1913-02-01,1913,2,41.3632,133.3739,326.599,1040.7882,1.6067
1913-03-01,1913,3,583.714,1586.6043,3761.3774,13585.2437,210.6043
1913-04-01,1913,4,71.0569,123.5878,545.4112,2012.4244,1.075
1913-05-01,1913,5,72.365,579.8534,771.8239,5828.0393,20.7038
1913-06-01,1913,6,41.5113,219.2154,322.6051,2690.0136,1.8886
1913-07-01,1913,7,40.1072,423.1142,452.6923,3924.7942,0.3994
1913-08-01,1913,8,100,1046.3727,1634.0738,7605.6395,35.0964
1913-09-01,1913,9,100,783.3635,1384.0665,6344.5153,81.7356
1913-10-01,1913,10,29.5987,187.8128,389.1802,1537.5568,2.5294
1913-11-01,1913,11,49.1416,301.3694,558.3452,2643.8263,16.6281
1913-12-01,1913,12,12.3717,124.8289,147.0812,725.3837,0.1951
1914-01-01,1914,1,6.2847,116.5605,53.2658,356.815,0.0092
1914-02-01,1914,2,1.4469,101.9476,16.1464,163.3785,0
1914-03-01,1914,3,3.8745,118.2061,33.2817,245.5456,0.0123
1914-04-01,1914,4,55.3772,153.3062,346.9358,1221.951,1.5923
1914-05-01,1914,5,28.6857,157.5413,219.0444,784.0252,0.3935
1914-06-01,1914,6,11.8741,114.8132,90.5537,293.2188,0.0049
1914-07-01,1914,7,100,307.1464,1158.0294,2346.0514,4.2019
1914-08-01,1914,8,15.1065,115.2473,200.4259,454.938,0.0218
1914-09-01,1914,9,9.4776,120.2379,135.136,431.0371,0.0259
1914-10-01,1914,10,1.6511,106.0915,32.4185,154.6313,0.0005
1914-11-01,1914,11,20.5524,112.0489,106.6575,497.4237,0.2165
1914-12-01,1914,12,100,192.7515,553.666,1848.5176,1.9451
1915-01-01,1915,1,22.5037,110.3662,128.4991,480.3758,0.0187
1915-02-01,1915,2,5.1432,98.5471,32.5694,181.3879,0.0003
1915-03-01,1915,3,1.5936,102.5406,12.9932,143.4931,0
1915-04-01,1915,4,36.891,134.217,254.5805,589.8256,0.137
1915-05-01,1915,5,100,358.6994,1263.0687,2384.7902,1.5809
1915-06-01,1915,6,160.3592,899.7269,2930.9947,6390.1709,39.3454
1915-07-01,1915,7,90.9871,306.9898,1980.9502,3768.6934,9.6191
1915-08-01,1915,8,187.0034,1146.1979,3830.6014,6494.9969,48.8945
1915-09-01,1915,9,435.0917,2098.589,6721.0529,12324.3683,203.1501
1915-10-01,1915,10,100,517.9092,2404.569,4632.9475,8.1629
1915-11-01,1915,11,34.7386,117.6383,664.0201,1573.3592,1.2783
1915-12-01,1915,12,8.314,104.2077,199.2047,477.1348,0.0066
1916-01-01,1916,1,36.4506,135.21,320.8429,1296.7258,1.5912
1916-02-01,1916,2,8.1582,100,88.1902,460.8612,0.0117
1916-03-01,1916,3,1.7129,101.9787,25.4228,191.93,0
1916-04-01,1916,4,30.1908,138.1867,217.7919,953.7125,1.0137
1916-05-01,1916,5,6.8924,108.9243,66.9977,278.8722,0.0084
1916-06-01,1916,6,100,301.7727,1155.1022,3007.891,27.002
1916-07-01,1916,7,101.0242,278.9167,1769.8509,3626.0452,3.4683
1916-08-01,1916,8,231.8711,753.5022,3155.7988,6081.6619,27.1925
1916-09-01,1916,9,1430.437,8247.9111,21454.2096,58630.3364,6814.135
1916-10-01,1916,10,601.9209,2093.1599,8590.9783,22280.6734,1612.1647
1916-11-01,1916,11,531.6011,2509.4242,5998.9626,16321.7028,1291.7458
1916-12-01,1916,12,326.0265,594.7099,2919.0921,7685.1809,110.4042
1917-01-01,1917,1,58.5011,133.4559,655.3364,1442.3648,0.6305
1917-02-01,1917,2,52.9497,158.9933,388.048,1721.4333,4.287
1917-03-01,1917,3,34.2471,157.4371,248.9464,1162.9901,1.1978
1917-04-01,1917,4,17.8065,157.1041,166.2031,1037.8088,0.3422
1917-05-01,1917,5,204.9076,552.3763,1771.0121,8127.1117,203.7118
1917-06-01,1917,6,71.3795,257.5051,503.391,3982.1472,6.0814
1917-07-01,1917,7,169.1222,1456.9404,3690.6561,14442.9093,751.4784
1917-08-01,1917,8,451.4909,2558.2611,6369.6973,15792.2189,3125.8358
1917-09-01,1917,9,334.066,2085.3554,5793.0086,13839.1881,212.8393
1917-10-01,1917,10,576.2585,2486.8197,6282.984,19440.6424,4557.3893
1917-11-01,1917,11,177.5096,694.9876,2430.5291,6555.2793,63.917
1917-12-01,1917,12,55.8411,161.6206,664.3397,1600.0673,0.4501
1918-01-01,1918,1,18.9863,133.2943,210.9796,584.2744,0.0132
1918-02-01,1918,2,4.8725,122.9944,70.8455,257.6227,0.0014
1918-03-01,1918,3,116.866,485.8739,1019.6445,2701.8051,1.5884
1918-04-01,1918,4,38.0735,149.2729,245.6046,763.3035,0.082
1918-05-01,1918,5,273.2462,636.7852,2281.358,5913.489,32.7747
1918-06-01,1918,6,185.9052,1141.727,2703.815,8538.3732,75.5224
1918-07-01,1918,7,132.4677,2000.4062,5237.4413,15891.299,105.201
1918-08-01,1918,8,96.195,1069.4257,3230.0937,9003.2387,98.0933
1918-09-01,1918,9,70.5319,356.8453,1459.8508,3059.3971,1.8583
1918-10-01,1918,10,92.3047,329.5622,1189.3099,3182.917,28.6711
1918-11-01,1918,11,11.289,129.5232,224.4245,656.1364,0.1468
1918-12-01,1918,12,10.7603,136.4487,113.7609,445.9963,0.0153
1919-01-01,1919,1,1.6957,129.1527,31.171,207.421,0.0001
1919-02-01,1919,2,78.8362,233.3135,551.9492,1990.3618,5.4423
1919-03-01,1919,3,100,502.1835,1824.8777,6954.81,21.4115
1919-04-01,1919,4,14.2961,127.2926,268.3713,1135.2484,0.1091
1919-05-01,1919,5,89.0656,332.1243,640.6476,3424.1167,14.3393
1919-06-01,1919,6,90.4445,520.4036,889.0432,4511.7469,13.4839
1919-07-01,1919,7,68.9012,420.5085,1104.1266,5476.4556,24.706
1919-08-01,1919,8,59.0502,462.0891,957.5159,4901.6581,11.4178
1919-09-01,1919,9,100,420.8171,943.6753,2989.5536,11.8208
1919-10-01,1919,10,25.2573,153.7324,258.1165,873.3126,0.1469
1919-11-01,1919,11,6.5706,125.3387,82.8929,439.2381,0.0044
1919-12-01,1919,12,25.6936,148.1497,158.2712,941.4186,0.274
1920-01-01,1920,1,3.315,121.8859,27.6918,265.9473,0.0014
1920-02-01,1920,2,0.9115,109.0425,9.5816,155.4005,0
1920-03-01,1920,3,9.1383,127.0492,61.0299,333.3255,0.1436
1920-04-01,1920,4,2.8853,122.8839,34.8504,241.875,0.0026
1920-05-01,1920,5,69.4179,241.3575,464.6554,1139.8887,0.2998
1920-06-01,1920,6,114.8538,277.3032,1037.1753,2115.1215,7.7512
1920-07-01,1920,7,100,286.8557,983.0015,1762.3656,0.3355
1920-08-01,1920,8,568.4422,1789.1342,5651.5728,10857.6609,80.9371
1920-09-01,1920,9,217.9189,1340.2384,3483.9933,8170.0302,40.8351
1920-10-01,1920,10,86.7178,374.3031,1175.3761,2721.2765,3.151
1920-11-01,1920,11,100,694.9848,1611.9789,4678.9985,13.9495
1920-12-01,1920,12,21.766,128.931,339.3427,1026.4074,0.0866
1921-01-01,1921,1,87.129,203.6842,599.5201,2089.4068,4.7638
1921-02-01,1921,2,22.4554,126.5648,141.0362,604.2928,0.0288
1921-03-01,1921,3,12.1215,122.2551,84.4426,339.2203,0.0015
1921-04-01,1921,4,4.0229,117.5927,41.9696,272.3129,0.0156
1921-05-01,1921,5,67.4638,262.0475,631.0032,2922.5636,7.1253
1921-06-01,1921,6,75.7179,216.0726,594.773,2566.2568,5.6076
1921-07-01,1921,7,154.5533,523.4549,2741.6695,7376.1265,64.2486
1921-08-01,1921,8,399.9235,1617.9859,6394.8724,15710.6079,136.8737
1921-09-01,1921,9,465.85,1898.2987,6320.7474,17958.954,211.2672
1921-10-01,1921,10,100,284.2386,1719.6071,4246.5408,6.1857
1921-11-01,1921,11,85.6063,209.0335,778.9147,2000.1887,1.6518
1921-12-01,1921,12,29.9646,200.4133,350.4957,1079.837,0.0389
1922-01-01,1922,1,6.1231,117.0227,92.1419,334.8465,0.0043
1922-02-01,1922,2,9.8268,110.9898,57.4162,220.5851,0.0034
1922-03-01,1922,3,1.5393,115.7378,16.5645,171.5196,0.0014
1922-04-01,1922,4,8.4605,123.1258,103.0311,466.2119,0.1951
1922-05-01,1922,5,100,279.0664,1041.3905,3185.6353,12.5386
1922-06-01,1922,6,59.1359,370.1552,1108.2955,4518.6542,13.3236
1922-07-01,1922,7,58.7224,289.8963,1384.8263,3731.4932,13.7834
1922-08-01,1922,8,100,949.7468,4975.9162,11833.1486,308.0159
1922-09-01,1922,9,100,1139.5441,2954.8494,8027.7837,23.3
1922-10-01,1922,10,200.6795,1072.6802,3689.0432,12654.5372,231.6172
1922-11-01,1922,11,44.9336,126.0421,772.8496,1823.4644,1.4105
1922-12-01,1922,12,60.008,308.8369,824.612,3481.5253,25.6805
1923-01-01,1923,1,12.9745,124.1777,184.2571,949.0461,0.2445
1923-02-01,1923,2,2.6819,101.6739,53.5248,289.6198,0.0008
1923-03-01,1923,3,0.7956,111.2884,20.0524,173.0376,0
1923-04-01,1923,4,0.2058,107.3924,6.4034,126.9934,0
1923-05-01,1923,5,210.0513,429.3187,1507.6644,3376.7949,18.4429
1923-06-01,1923,6,479.76,536.9394,3028.6608,5443.0296,41.1489
1923-07-01,1923,7,2123.4503,4251.5336,21059.1185,33515.1934,1328.8299
1923-08-01,1923,8,417.3927,1992.4763,9421.4445,16750.8139,1169.6757
1923-09-01,1923,9,322.4313,1786.8001,7073.4468,15081.606,675.0618
1923-10-01,1923,10,442.3061,2622.3021,6053.8239,16985.9723,619.0779
1923-11-01,1923,11,111.0031,280.7528,1647.2339,3415.4193,18.1229
1923-12-01,1923,12,121.1528,230.8405,1084.6394,2794.3596,13.3179
1924-01-01,1924,1,46.9752,171.7455,369.9132,1449.6881,0.5424
1924-02-01,1924,2,570.9982,867.6382,2647.2995,10044.2695,111.9046
1924-03-01,1924,3,853.8613,2455.1644,3955.8845,22973.4866,268.1447
1924-04-01,1924,4,144.6836,743.3587,1185.5707,8107.7975,111.461
1924-05-01,1924,5,66.9241,288.4204,461.2474,3311.5836,61.0742
1924-06-01,1924,6,205.4216,1323.194,1451.3791,7580.2603,693.8296
1924-07-01,1924,7,50.1206,568.3408,482.9013,2605.65,79.3128
1924-08-01,1924,8,558.8027,3821.2301,7236.1152,22617.8885,5321.3701
1924-09-01,1924,9,452.7224,2594.7467,4818.879,13700.2749,281.6337
1924-10-01,1924,10,535.1809,1758.9562,4086.9984,12504.7164,950.9098
1924-11-01,1924,11,935.7193,1323.7548,5214.8357,15657.8956,2163.9473
1924-12-01,1924,12,100,217.9553,1023.4249,2678.2175,17.6099
1925-01-01,1925,1,53.0838,170.9207,340.9086,906.9466,0.1415
1925-02-01,1925,2,30.87,155.2416,166.536,691.6946,0.3234
1925-03-01,1925,3,5.7016,144.0085,47.1329,273.035,0.0018
1925-04-01,1925,4,8.5024,145.5865,81.8264,375.6705,0.0561
1925-05-01,1925,5,100,299.3275,967.1164,3951.7203,40.9878
1925-06-01,1925,6,29.2545,157.0817,291.687,1185.2628,2.2796
1925-07-01,1925,7,100,299.3968,1346.5087,3455.1695,13.6088
1925-08-01,1925,8,63.0611,288.5388,1021.4004,3178.367,11.2808
1925-09-01,1925,9,107.6518,374.9885,1581.4188,4487.8929,69.656
1925-10-01,1925,10,27.3322,148.3499,347.4073,1103.2467,0.4812
1925-11-01,1925,11,26.179,169.3775,344.0514,1958.9413,2.97
1925-12-01,1925,12,4.488,133.5131,70.8309,453.5827,0.0157
1926-01-01,1926,1,3.711,135.042,39.7857,278.3165,0.0002
1926-02-01,1926,2,0.5477,118.9798,9.5595,156.4722,0
1926-03-01,1926,3,1.5074,132.621,12.2685,202.2503,0.0005
1926-04-01,1926,4,41.4409,177.3429,218.4982,648.1464,0.216
1926-05-01,1926,5,110.4356,447.4409,1032.7554,2546.5255,15.5228
1926-06-01,1926,6,100,382.448,976.425,2263.9992,2.5031
1926-07-01,1926,7,109.9341,549.1263,2426.3993,4497.3292,33.2262
1926-08-01,1926,8,100,404.1751,1777.1412,2896.6416,9.366
1926-09-01,1926,9,53.7835,210.387,785.2201,1617.8292,5.9153
1926-10-01,1926,10,100,308.583,1052.7419,2399.8278,9.8102
1926-11-01,1926,11,32.2572,145.2892,298.9486,764.2637,0.1528
1926-12-01,1926,12,30.1182,137.9834,163.5172,537.8317,0.2328
1927-01-01,1927,1,4.2466,122.0135,37.2199,208.8919,0.0014
1927-02-01,1927,2,3.6837,113.286,34.9821,197.2402,0.006
1927-03-01,1927,3,4.5788,125.4465,36.5875,232.6786,0.0289
1927-04-01,1927,4,1.4931,118.8559,19.2685,173.8248,0.0018
1927-05-01,1927,5,66.0503,198.5514,407.2916,1115.072,1.8663
1927-06-01,1927,6,15.4558,129.6284,122.5553,375.1479,0.041
1927-07-01,1927,7,107.7937,418.2497,2100.004,4377.8949,61.1791
1927-08-01,1927,8,123.268,527.5511,2364.9817,4567.0342,46.2879
1927-09-01,1927,9,42.0526,161.3768,704.6114,1332.3863,0.6694
1927-10-01,1927,10,29.364,222.8998,402.0309,1369.4333,0.1515
1927-11-01,1927,11,5.5843,114.0919,100,450.2152,0.1427
1927-12-01,1927,12,27.8222,134.9085,175.2065,891.1586,0.4194
1928-01-01,1928,1,100,210.3292,652.6325,1797.6179,2.1486
1928-02-01,1928,2,423.3974,813.8547,2877.4979,9119.4586,134.6935
1928-03-01,1928,3,100,363.4459,1105.8997,9889.3406,41.298
1928-04-01,1928,4,27.362,117.1302,275.2607,1702.6203,1.5267
1928-05-01,1928,5,65.417,253.9363,546.7986,4572.2524,35.5089
1928-06-01,1928,6,100,259.9721,1020.6496,7556.3278,123.1341
1928-07-01,1928,7,28.4941,177.333,288.9913,1927.0956,4.5379
1928-08-01,1928,8,9.1526,129.2001,131.8797,1017.9867,5.5575
1928-09-01,1928,9,64.0837,329.2833,428.5108,2449.4726,26.3349
1928-10-01,1928,10,167.9949,654.0941,1642.626,10557.4505,247.2822
1928-11-01,1928,11,27.9136,117.1749,260.5728,1355.8538,1.7198
1928-12-01,1928,12,8.0976,108.6341,91.6239,463.2788,0.0033
1929-01-01,1929,1,7.5564,109.9143,54.8702,357.1279,0.2364
1929-02-01,1929,2,13.2318,120.4633,82.8327,514.6819,0.7469
1929-03-01,1929,3,14.3329,133.1781,124.9047,667.0014,0.3226
1929-04-01,1929,4,200.9299,601.3329,1600.0139,4912.8309,10.7344
1929-05-01,1929,5,48.9879,183.9587,430.1378,1398.254,0.1824
1929-06-01,1929,6,100,424.1661,1325.445,4631.2107,23.955
1929-07-01,1929,7,71.2941,316.8877,1046.7388,4146.5785,8.6566
1929-08-01,1929,8,60.7044,674.2295,1206.4683,5240.5851,11.4591
1929-09-01,1929,9,36.4764,330.3875,493.128,2232.9324,4.1395
1929-10-01,1929,10,99.8474,348.3512,972.4818,2948.004,2.6915
1929-11-01,1929,11,38.3163,195.8964,398.9142,2079.2174,2.9
1929-12-01,1929,12,100,260.8834,804.5682,5071.8301,16.9603
1930-01-01,1930,1,14.0748,100.7592,123.6479,667.5931,0.0864
1930-02-01,1930,2,64.7048,162.067,470.9023,1845.8332,4.07
1930-03-01,1930,3,7.9485,100.5342,77.7507,393.6687,0.0228
1930-04-01,1930,4,21.5711,139.4314,326.5434,1232.2422,1.8923
1930-05-01,1930,5,30.8789,133.3154,295.389,1170.9626,1.3509
1930-06-01,1930,6,18.2196,171.2224,294.6035,3018.5466,5.7396
1930-07-01,1930,7,60.8701,188.9043,777.5065,3115.4067,15.6492
1930-08-01,1930,8,213.3432,428.4256,2601.0057,9310.3706,219.2146
1930-09-01,1930,9,100,491.2663,2214.6085,9299.1206,176.6226
1930-10-01,1930,10,183.0438,723.6419,3955.1198,12030.8565,229.054
1930-11-01,1930,11,49.0142,200.3329,930.122,3217.5811,24.9583
1930-12-01,1930,12,292.8766,641.9909,1736.6881,9688.9161,67.5227
1931-01-01,1931,1,38.285,101.3859,302.7488,1099.7856,0.3463
1931-02-01,1931,2,9.8947,92.0499,92.6689,364.786,0.0171
1931-03-01,1931,3,102.596,280.487,1041.6486,3642.2599,14.2077
1931-04-01,1931,4,85.9051,167.0474,504.3261,2226.391,6.9475
1931-05-01,1931,5,100,337.7841,1348.3269,5930.9599,111.7753
1931-06-01,1931,6,187.842,529.1689,2644.9104,12307.2838,1731.8664
1931-07-01,1931,7,161.5781,1495.7484,5424.1567,16261.5246,3647.9284
1931-08-01,1931,8,132.7483,1531.7122,6450.5649,14913.1986,3560.2059
1931-09-01,1931,9,100,654.9372,3206.0639,5916.8675,160.4486
1931-10-01,1931,10,27.6358,112.2959,730.1522,1269.5207,0.7897
1931-11-01,1931,11,100,284.7522,1134.5541,3300.7657,53.6707
1931-12-01,1931,12,14.848,100,209.7289,625.5361,0.292
1932-01-01,1932,1,3.7437,100,67.6757,243.6816,0
1932-02-01,1932,2,35.8353,139.2386,283.4644,1047.4793,4.3564
1932-03-01,1932,3,306.8707,566.628,1810.029,4428.8902,33.5642
1932-04-01,1932,4,350.0757,2789.0436,3715.5189,12095.3143,154.2517
1932-05-01,1932,5,49.0913,111.8835,619.2775,1722.591,0.9685
1932-06-01,1932,6,208.4944,1819.286,2799.307,8799.0126,411.7153
1932-07-01,1932,7,100,1198.7098,2427.4062,7755.5943,356.4494
1932-08-01,1932,8,228.3583,3106.1803,6131.738,17772.2157,3249.442
1932-09-01,1932,9,51.463,430.7047,2534.2164,5015.5085,502.4996
1932-10-01,1932,10,100,821.5335,3005.804,9694.6034,864.2206
1932-11-01,1932,11,21.4434,185.3609,624.71,1600.313,2.4848
1932-12-01,1932,12,94.2192,281.6111,780.5877,2382.535,8.2108
1933-01-01,1933,1,18.2316,109.2249,168.3963,540.4886,0.0426
1933-02-01,1933,2,3.5198,100,48.3139,211.7536,0
1933-03-01,1933,3,6.7556,110.6647,55.6468,258.2341,0.0319
1933-04-01,1933,4,14.4354,120.2403,136.9679,546.7726,0.5901
1933-05-01,1933,5,100,400.9473,1161.9419,3930.7378,25.8732
1933-06-01,1933,6,100,324.5724,1050.868,2834.9612,2.188
1933-07-01,1933,7,75.4355,365.7662,1027.4125,3404.7944,3.666
1933-08-01,1933,8,100,733.4948,2235.7348,5978.1837,118.7679
1933-09-01,1933,9,268.0893,1094.6177,3262.181,7842.8018,59.0376
1933-10-01,1933,10,65.647,167.3662,888.7631,1987.7343,1.4334
1933-11-01,1933,11,116.6705,380.2352,1117.1129,3681.0668,106.9896
1933-12-01,1933,12,802.3948,1524.5805,3741.0619,23491.0081,849.1868
1934-01-01,1934,1,100,153.59,657.9085,3072.1692,6.6093
1934-02-01,1934,2,31.7352,111.9035,216.6718,1013.6495,1.0058
1934-03-01,1934,3,8.4176,106.4419,73.9413,381.5882,0.0109
1934-04-01,1934,4,141.4351,517.0076,1628.3617,8510.254,456.9809
1934-05-01,1934,5,18.9103,107.2537,227.2614,1304.3049,2.4093
1934-06-01,1934,6,7.5945,109.5244,98.1341,837.7826,0.6835
1934-07-01,1934,7,36.006,183.1887,243.774,3030.8025,39.5399
1934-08-01,1934,8,98.3772,484.2291,824.1202,4871.847,72.2277
1934-09-01,1934,9,72.4111,457.5881,598.4307,4703.9817,163.2913
1934-10-01,1934,10,422.0444,1999.6147,2766.152,17295.6802,3491.0653
1934-11-01,1934,11,489.287,2670.1437,5167.5714,26971.4061,9063.3093
1934-12-01,1934,12,82.575,135.3389,856.1838,3147.0532,22.9317
1935-01-01,1935,1,29.5875,132.6065,342.7413,1218.4458,0.0274
1935-02-01,1935,2,63.0661,288.1757,642.599,2177.0609,0.3578
1935-03-01,1935,3,72.4638,181.1048,574.9095,1681.294,1.6792
1935-04-01,1935,4,527.1328,1800.3091,4394.9192,18255.5083,238.8325
1935-05-01,1935,5,100,359.0191,1339.3318,5580.2618,3.5868
1935-06-01,1935,6,100,1342.1099,1985.8692,10820.691,127.4835
1935-07-01,1935,7,143.8101,1063.9037,3017.5565,8211.1542,132.5141
1935-08-01,1935,8,261.1674,3067.3351,8234.2614,19093.6314,2313.7046
1935-09-01,1935,9,100,422.164,2643.127,4817.8206,103.1064
1935-10-01,1935,10,124.6753,953.2194,2228.0945,6257.6629,55.9553
1935-11-01,1935,11,45.8291,176.9793,627.6926,1601.0599,1.1768
1935-12-01,1935,12,15.9232,127.1797,188.1442,516.5576,0.0049
1936-01-01,1936,1,9.9423,124.8276,84.8584,347.0537,0.0233
1936-02-01,1936,2,1.5071,104.8713,21.4724,158.0107,0.0006
1936-03-01,1936,3,7.2051,125.423,76.6827,637.696,0.8333
1936-04-01,1936,4,31.2402,155.6889,217.6195,889.8594,0.2259
1936-05-01,1936,5,55.0432,148.6177,275.6239,857.8502,1.2385
1936-06-01,1936,6,92.0383,233.7156,478.9262,1606.3325,1.611
1936-07-01,1936,7,409.0145,1525.9858,4220.0406,12080.3379,312.786
1936-08-01,1936,8,190.8132,1885.4028,3304.6316,13033.0062,1098.3392
1936-09-01,1936,9,58.8054,285.8082,901.8906,2831.1774,11.9198
1936-10-01,1936,10,100,401.6775,1259.9848,3852.4611,19.0944
1936-11-01,1936,11,28.6345,133.9614,302.4336,1121.7971,0.5054
1936-12-01,1936,12,85.3452,297.6453,567.4682,2823.479,13.8667
1937-01-01,1937,1,92.5192,172.6603,419.3856,1690.5165,6.2768
1937-02-01,1937,2,17.2567,112.3679,119.5576,700.6075,0.1367
1937-03-01,1937,3,10.397,123.5061,104.5995,880.1149,0.2354
1937-04-01,1937,4,4.4878,113.2652,39.056,364.8512,0.0024
1937-05-01,1937,5,47.2676,172.5017,467.0878,2314.7124,6.745
1937-06-01,1937,6,9.2914,110.6452,106.1646,524.4945,0.0346
1937-07-01,1937,7,35.1526,147.853,380.4364,1691.7672,0.5113
1937-08-01,1937,8,98.6416,295.467,826.8658,3474.463,4.2262
1937-09-01,1937,9,89.4747,304.2004,901.1163,3554.3099,5.3024
1937-10-01,1937,10,106.991,794.1531,2079.0148,16503.2813,57.6533
1937-11-01,1937,11,20.2396,104.745,316.5861,1632.5991,0.2988
1937-12-01,1937,12,204.3779,221.3293,1351.8381,3384.3122,50.8886
1938-01-01,1938,1,51.4733,120.9518,348.6212,1218.7037,0.7266
1938-02-01,1938,2,27.0957,122.3232,201.335,866.7484,0.458
1938-03-01,1938,3,5.951,109.2142,62.3426,363.2372,0.0091
1938-04-01,1938,4,100,185.8568,674.5152,1702.5791,0.3917
1938-05-01,1938,5,17.3014,111.0239,127.7768,459.8992,0.0079
1938-06-01,1938,6,231.595,618.6499,2073.0134,7178.4303,34.5145
1938-07-01,1938,7,69.5378,165.2529,741.5336,3219.3776,6.111
1938-08-01,1938,8,28.7655,126.2212,351.6184,1237.6551,0.178
1938-09-01,1938,9,19.0066,110.8375,195.6243,847.9366,0.1798
1938-10-01,1938,10,3.6221,100.4774,61.3517,305.8296,0.0135
1938-11-01,1938,11,5.29,104.4297,44.3227,328.6469,0.0375
1938-12-01,1938,12,1.5877,100,12.6564,156.6458,0.0003
1939-01-01,1939,1,0.3848,100,3.8676,115.6204,0
1939-02-01,1939,2,100,216.3733,536.2632,1619.0024,0.671
1939-03-01,1939,3,12.2335,100,78.4143,321.1467,0.0038
1939-04-01,1939,4,455.969,360.1255,2120.4394,3437.7727,7.602
1939-05-01,1939,5,101.6295,201.7029,1316.4624,2490.8778,7.6941
1939-06-01,1939,6,226.6397,1159.1194,3478.3923,8050.6736,233.5033
1939-07-01,1939,7,87.7798,211.1982,1828.8511,3117.6369,9.158
1939-08-01,1939,8,1682.2729,6322.2784,20249.1241,39347.3341,4628.0533
1939-09-01,1939,9,435.6728,1470.2352,8205.0793,17025.3535,844.7041
1939-10-01,1939,10,169.0316,550.8769,3508.9567,6417.0293,220.7431
1939-11-01,1939,11,882.1526,2472.3241,6650.1689,24716.5038,2890.7152
1939-12-01,1939,12,100,125.7052,1146.3184,2784.2503,4.1097
1940-01-01,1940,1,52.1355,125.2423,456.8843,1228.6627,0.8033
1940-02-01,1940,2,10.333,102.9766,128.1589,415.4552,0.0055
1940-03-01,1940,3,3.6445,111.8307,50.3973,224.0616,0.0005
1940-04-01,1940,4,46.1977,188.9405,353.4492,1202.5244,0.7791
1940-05-01,1940,5,17.8747,129.0515,142.0647,546.1217,0.0595
1940-06-01,1940,6,21.8704,131.0495,170.6438,545.06,0.1229
1940-07-01,1940,7,96.7576,260.3442,786.5914,1887.3395,1.3745
1940-08-01,1940,8,27.0758,141.7355,255.8999,707.1141,0.1682
1940-09-01,1940,9,85.7278,384.7254,821.1038,3005.1925,4.0477
1940-10-01,1940,10,13.1136,111.6829,141.7002,598.7754,0.0265
1940-11-01,1940,11,76.278,243.6759,536.2728,2276.4993,5.6074
1940-12-01,1940,12,19.8044,117.2408,146.4256,828.0241,0.2418
1941-01-01,1941,1,215.0842,278.3956,920.6894,2662.6878,3.4089
1941-02-01,1941,2,28.0446,100,127.2445,506.607,0.0237
1941-03-01,1941,3,100,336.8812,592.3022,2269.8193,7.131
1941-04-01,1941,4,39.0946,160.1306,306.1286,1911.0284,5.725
1941-05-01,1941,5,9.9729,110.3778,94.4708,752.3718,0.3021
1941-06-01,1941,6,100,216.8276,899.4726,4060.3119,56.7755
1941-07-01,1941,7,100,363.1028,1386.4424,5918.188,133.7467
1941-08-01,1941,8,156.1426,677.8134,2213.4757,11055.811,710.1792
1941-09-01,1941,9,279.2909,1271.2879,3896.4155,15471.8678,2807.9942
1941-10-01,1941,10,100,234.2049,1591.4528,4438.2677,22.9607
1941-11-01,1941,11,44.8744,150.1946,594.8934,1763.7291,7.4438
1941-12-01,1941,12,24.1152,112.3883,232.716,795.1743,0.2001
1942-01-01,1942,1,19.9789,104.0229,113.2083,411.5441,0.1204
1942-02-01,1942,2,10.5703,100,75.9081,413.6363,0.0823
1942-03-01,1942,3,22.2203,118.0201,139.8157,613.4659,0.1717
1942-04-01,1942,4,14.2528,108.4015,100,550.253,0.3953
1942-05-01,1942,5,415.1539,1017.3539,3068.7637,7797.6858,63.6069
1942-06-01,1942,6,100,256.3214,1029.3445,2478.4425,1.6342
1942-07-01,1942,7,100,742.1867,1841.7558,6982.8316,518.5134
1942-08-01,1942,8,280.5043,773.3485,3896.3001,10350.7906,1807.5465
1942-09-01,1942,9,431.9116,1734.5305,5961.2255,14982.9607,3643.4747
1942-10-01,1942,10,100,231.7413,1667.3798,3185.555,13.3885
1942-11-01,1942,11,121.4144,631.7853,1438.4741,3950.9397,7.3875
1942-12-01,1942,12,24.6779,106.4462,313.7841,1077.3084,0.1123
1943-01-01,1943,1,22.8679,115.2939,168.2926,660.6051,0.3067
1943-02-01,1943,2,20.3637,107.614,113.9759,412.4878,0.0507
1943-03-01,1943,3,3.2478,100,27.2083,177.3546,0.0005
1943-04-01,1943,4,55.1398,223.9499,420.1459,1575.6267,2.9667
1943-05-01,1943,5,25.4379,115.3279,174.4172,591.2441,0.1094
1943-06-01,1943,6,100,369.7532,950.7046,3352.8351,14.6318
1943-07-01,1943,7,106.4815,426.7779,1845.9017,5261.2634,43.8433
1943-08-01,1943,8,100,482.6939,1395.9533,4293.7075,46.5063
1943-09-01,1943,9,132.9918,1308.2761,3449.3522,13802.9172,518.1481
1943-10-01,1943,10,70.8851,205.9141,1164.9984,2889.4442,12.419
1943-11-01,1943,11,28.8736,139.2792,422.495,1196.3378,0.5135
1943-12-01,1943,12,5.9584,100,118.6075,391.5687,0.0033
1944-01-01,1944,1,5.3896,100,80.9423,356.8696,0.0466
1944-02-01,1944,2,1.6689,91.6999,22.556,151.2828,0.0005
1944-03-01,1944,3,12.5238,100.731,46.4217,190.8734,0.0004
1944-04-01,1944,4,49.4855,197.9153,402.1713,1043.337,0.9934
1944-05-01,1944,5,292.2592,1184.5219,3422.4138,7633.7942,59.0292
1944-06-01,1944,6,46.7736,165.6826,645.0928,1371.8221,0.6983
1944-07-01,1944,7,100,550.584,1313.5408,2251.7202,0.9476
1944-08-01,1944,8,19.7283,152.9874,314.3688,645.8254,0.0062
1944-09-01,1944,9,15.1633,123.9295,207.4243,494.9421,0.337
1944-10-01,1944,10,57.1467,319.2902,608.6843,1638.5997,2.9988
1944-11-01,1944,11,17.9898,113.119,171.5973,592.2993,0.067
1944-12-01,1944,12,45.8194,171.9109,300.2589,1099.0108,0.2952
1945-01-01,1945,1,17.0467,100,89.9867,383.4893,0.0113
1945-02-01,1945,2,16.3515,99.2046,106.693,463.7823,0.0693
1945-03-01,1945,3,2.3738,94.5996,20.7631,162.8197,0.0004
1945-04-01,1945,4,2.3537,94.1323,26.2468,160.4883,0.0003
1945-05-01,1945,5,32.0989,224.0633,344.1612,1309.7852,1.8099
1945-06-01,1945,6,32.7385,135.3626,216.1097,646.9151,0.6944
1945-07-01,1945,7,75.0506,240.4007,820.5804,2302.6891,15.1336
1945-08-01,1945,8,100,408.7777,1102.035,2361.925,15.5247
1945-09-01,1945,9,51.2145,399.3923,724.213,1762.178,1.7615
1945-10-01,1945,10,71.3909,360.0768,693.7469,2278.3909,2.5672
1945-11-01,1945,11,56.0217,270.7469,673.5102,2547.3448,17.9374
1945-12-01,1945,12,8.2753,92.0933,125.7374,529.1756,0.0966
1946-01-01,1946,1,149.0484,257.0154,1044.2148,3067.1079,32.4612
1946-02-01,1946,2,123.8638,293.3902,1118.7296,4002.0071,42.4781
1946-03-01,1946,3,141.9653,405.0819,1472.6622,6044.6897,117.5946
1946-04-01,1946,4,83.8697,367.8575,710.2162,4208.9557,9.2051
1946-05-01,1946,5,30.1839,201.5598,327.9874,4927.2201,3.3711
1946-06-01,1946,6,80.8455,1371.4894,1255.0232,12845.4301,905.3902
1946-07-01,1946,7,204.2828,4172.9457,5202.5427,20802.3312,2977.8273
1946-08-01,1946,8,111.9225,2914.5409,4256.2792,15152.2778,2316.9394
1946-09-01,1946,9,100,2133.9103,3454.3531,12413.0107,248.8429
1946-10-01,1946,10,84.0881,811.3323,1788.0205,5064.1115,44.1529
1946-11-01,1946,11,43.4398,160.6641,545.2016,1451.2072,1.5426
1946-12-01,1946,12,52.246,141.5646,524.944,3219.4068,34.2283
1947-01-01,1947,1,6.7473,102.0045,100.1155,623.381,0.1745
1947-02-01,1947,2,100,111.9704,353.3877,1404.3512,2.6832
1947-03-01,1947,3,299.3963,391.6864,1623.9529,5065.4374,58.3102
1947-04-01,1947,4,51.5449,161.4554,404.5677,2033.536,2.7448
1947-05-01,1947,5,14.5297,104.7633,102.6083,548.7397,0.023
1947-06-01,1947,6,129.452,488.1177,1307.0129,7505.2798,143.4921
1947-07-01,1947,7,259.6581,1282.0621,3564.6776,17538.812,1754.0728
1947-08-01,1947,8,98.4017,839.033,1664.877,7779.8403,964.0536
1947-09-01,1947,9,96.1971,591.7564,1352.0007,4866.2465,454.2382
1947-10-01,1947,10,590.8726,2387.3835,5102.1958,16672.7168,2169.7125
1947-11-01,1947,11,120.9788,495.9647,1575.6182,4279.2269,40.8729
1947-12-01,1947,12,244.6061,907.7019,1595.0416,8996.4535,37.7065
1948-01-01,1948,1,44.992,118.9574,355.5622,1158.6054,0.3026
1948-02-01,1948,2,11.9099,100,101.1554,432.0334,0.0183
1948-03-01,1948,3,3.8568,105.9544,39.9572,211.2548,0.0001
1948-04-01,1948,4,92.1242,213.4013,832.4655,2397.7899,9.2203
1948-05-01,1948,5,163.5227,629.3702,2952.8134,9848.3977,251.3278
1948-06-01,1948,6,100,566.8078,2078.7344,8769.4479,54.7254
1948-07-01,1948,7,100,561.2266,2607.8129,7642.3375,69.8863
1948-08-01,1948,8,41.4265,353.3153,1346.7187,3522.4573,35.3955
1948-09-01,1948,9,100,667.9892,1943.0167,4049.263,21.5575
1948-10-01,1948,10,480.2798,2565.4945,7035.9248,21072.3191,1210.784
1948-11-01,1948,11,96.157,198.4976,1393.9031,2919.4223,7.4574
1948-12-01,1948,12,34.8818,122.5354,499.0335,1097.5029,2.3638
1949-01-01,1949,1,7.8028,108.1443,151.5581,412.7616,0.0649
1949-02-01,1949,2,123.2618,278.7154,950.1121,3389.3284,24.346
1949-03-01,1949,3,375.2805,654.1217,1922.7869,7606.1672,53.1527
1949-04-01,1949,4,47.1117,109.3568,297.0136,1264.1241,0.2708
1949-05-01,1949,5,41.9595,225.2561,375.1792,3148.8552,8.827
1949-06-01,1949,6,63.9461,286.6285,438.145,3816.9788,3.2112
1949-07-01,1949,7,85.1603,466.0881,731.924,6604.3032,14.114
1949-08-01,1949,8,28.6146,282.0503,393.1699,3621.7254,10.7205
1949-09-01,1949,9,76.3767,346.6041,613.1758,3477.3911,16.1559
1949-10-01,1949,10,572.2365,2261.1543,4625.6905,24063.7073,5167.3792
1949-11-01,1949,11,360.1922,1888.2,4748.7785,21887.1879,3474.2199
1949-12-01,1949,12,56.5529,118.2293,840.2046,2698.4338,6.5156
1950-01-01,1950,1,15.4174,111.1233,270.6806,852.4911,0.0002
1950-02-01,1950,2,100.3453,300.5175,633.5765,2360.6278,5.4437
1950-03-01,1950,3,63.949,212.842,393.494,2897.5408,3.9538
1950-04-01,1950,4,100,309.0644,845.004,5265.8123,43.7966
1950-05-01,1950,5,100,193.0378,799.3906,6762.2197,30.7879
1950-06-01,1950,6,29.8016,139.0977,269.8597,3746.347,5.6806
1950-07-01,1950,7,80.6234,213.8136,636.1711,5443.3865,7.3634
1950-08-01,1950,8,77.7991,250.8638,762.3644,4489.3611,40.8629
1950-09-01,1950,9,582.7614,2844.8479,6863.5039,25153.2833,3319.888
1950-10-01,1950,10,178.3307,504.7362,2171.201,5309.5853,40.8358
1950-11-01,1950,11,93.1629,196.2941,888.7509,2140.0613,8.3459
1950-12-01,1950,12,36.5291,136.1754,337.839,978.8942,0.2259
1951-01-01,1951,1,11.0737,112.9023,106.6483,417.998,0.0025
1951-02-01,1951,2,221.7254,721.8042,1843.2772,8169.6746,27.1457
1951-03-01,1951,3,30.232,107.4197,271.1752,1294.5167,0.1521
1951-04-01,1951,4,355.7629,814.254,3162.9895,9250.9172,138.3813
1951-05-01,1951,5,309.3738,1045.919,3226.7085,13357.8166,337.8282
1951-06-01,1951,6,100,1133.6678,2277.6425,14641.194,1985.0944
1951-07-01,1951,7,335.6418,3165.3637,7605.8415,20411.2512,4569.7159
1951-08-01,1951,8,772.3438,7346.4791,18351.358,46268.6324,11774.4986
1951-09-01,1951,9,100,380.0212,3826.6291,7973.4826,126.9403
1951-10-01,1951,10,324.8454,1064.4921,4023.0446,10731.6433,231.009
1951-11-01,1951,11,80.483,177.5703,1001.3403,2244.7491,4.4526
1951-12-01,1951,12,53.7612,168.1871,440.1214,1146.4299,0.796
1952-01-01,1952,1,13.09,132.0732,137.6223,476.2966,0.2204
1952-02-01,1952,2,23.673,129.6748,135.4239,583.8612,0.4987
1952-03-01,1952,3,7.4353,130.7429,50.6895,310.5085,0.0104
1952-04-01,1952,4,100,377.9151,1202.5869,3626.1755,43.5704
1952-05-01,1952,5,291.4209,944.8189,3061.8406,9593.3875,248.5766
1952-06-01,1952,6,1298.1188,9179.786,20969.9923,62041.4458,11717.263
1952-07-01,1952,7,251.6291,3059.3725,9791.5828,23719.1379,3166.5074
1952-08-01,1952,8,368.4635,3639.2621,10744.5313,24451.2274,4210.4422
1952-09-01,1952,9,227.2803,1660.0938,6200.4026,14954.27,2606.1112
1952-10-01,1952,10,1356.927,4338.801,14559.4975,32664.4424,5699.8248
1952-11-01,1952,11,1309.5805,2383.9808,11014.3766,28605.3085,5786.8893
1952-12-01,1952,12,232.5876,368.8005,2527.4653,5900.1049,37.501
1953-01-01,1953,1,59.4671,172.0681,727.6753,1567.5069,0.2089
1953-02-01,1953,2,16.642,163.1623,235.386,592.4448,0.0009
1953-03-01,1953,3,5.2682,166.5362,86.8971,308.2993,0
1953-04-01,1953,4,25.3727,202.2327,210.4746,698.3356,0.416
1953-05-01,1953,5,100,326.7592,680.109,1663.4056,0.72
1953-06-01,1953,6,114.6658,375.2771,1150.8268,2402.2443,2.6468
1953-07-01,1953,7,147.171,660.9243,2379.8602,5349.2223,65.1132
1953-08-01,1953,8,470.4875,3303.4265,8123.4768,18610.9714,213.6207
1953-09-01,1953,9,697.439,3248.8102,9612.1821,25239.8173,2376.5782
1953-10-01,1953,10,240.1967,995.5782,3996.6131,9651.0285,122.9331
1953-11-01,1953,11,627.1786,1412.6144,5561.3481,14828.4783,147.8507
1953-12-01,1953,12,100,211.9844,1086.7127,2171.6332,0.8773
1954-01-01,1954,1,38.7701,195.7604,390.1136,1086.6405,0.03
1954-02-01,1954,2,37.148,280.1577,305.9189,1275.9923,0.0109
1954-03-01,1954,3,8.7212,173.6559,86.5219,426.5422,0.0126
1954-04-01,1954,4,75.6137,266.2997,555.1262,2355.1155,28.093
1954-05-01,1954,5,20.0727,194.0725,228.7589,945.8366,0.6691
1954-06-01,1954,6,100,463.1221,1036.7786,3591.0055,8.9967
1954-07-01,1954,7,47.3326,229.4485,541.919,2253.6038,8.0118
1954-08-01,1954,8,100,496.8189,1037.551,4145.982,30.3952
1954-09-01,1954,9,100,526.8787,1103.1005,3506.2479,6.5161
1954-10-01,1954,10,100,548.003,1435.4649,8283.4372,51.9536
1954-11-01,1954,11,378.1264,1608.2463,3269.2328,19383.7428,465.9263
1954-12-01,1954,12,188.4173,387.7782,1260.1394,3840.6966,16.2091
1955-01-01,1955,1,32.6234,162.5994,264.3325,938.7931,0.0705
1955-02-01,1955,2,100,340.7901,967.0102,2842.7204,40.5764
1955-03-01,1955,3,25.1649,399.7952,697.9309,5227.8523,7.4272
1955-04-01,1955,4,27.7054,195.1418,257.1622,1978.0976,5.8511
1955-05-01,1955,5,84.8705,397.1072,701.1486,8883.1365,117.3379
1955-06-01,1955,6,100,902.4695,1310.6365,13526.1765,3188.3921
1955-07-01,1955,7,100,1172.4296,1899.7142,11055.7535,3879.5467
1955-08-01,1955,8,1420.5298,7732.1432,15555.4759,41053.2314,9065.824
1955-09-01,1955,9,306.2925,1055.0791,5075.1068,13852.6481,1708.012
1955-10-01,1955,10,194.5531,789.8432,3523.0307,10194.5044,347.1145
1955-11-01,1955,11,92.8562,270.1212,1101.0121,2699.3586,23.4543
1955-12-01,1955,12,113.908,533.7441,1401.6761,3986.3232,14.3656
1956-01-01,1956,1,47.3563,189.9441,345.3094,1241.692,0.4504
1956-02-01,1956,2,7.6767,155.5911,88.6842,380.7283,0.0019
1956-03-01,1956,3,27.6376,203.4073,268.0862,921.3724,0.8275
1956-04-01,1956,4,118.2237,341.0441,1045.3337,3090.3175,34.1773
1956-05-01,1956,5,796.0637,1816.2027,5444.413,14744.5299,115.4033
1956-06-01,1956,6,384.5912,1009.027,4494.2803,12249.9882,552.743
1956-07-01,1956,7,543.225,2551.3421,10009.0112,22135.9209,4080.5877
1956-08-01,1956,8,513.974,3716.8978,12500.4411,26197.0673,3379.3361
1956-09-01,1956,9,1532.2086,5354.9949,14955.6502,31996.1831,1787.5175
1956-10-01,1956,10,1106.1036,2620.093,9786.1429,20657.898,970.9826
1956-11-01,1956,11,289.9944,506.7186,3014.0328,5460.7308,32.245
1956-12-01,1956,12,95.3781,223.4504,920.5381,1935.4025,1.1443
1957-01-01,1957,1,19.5729,190.9222,267.3981,622.9481,0.005
1957-02-01,1957,2,32.6108,174.7851,134.6044,364.1082,0.0132
1957-03-01,1957,3,46.2794,206.5653,199.1269,542.3051,0.1115
1957-04-01,1957,4,25.2085,195.6151,129.2322,604.0504,1.8972
1957-05-01,1957,5,38.9704,225.779,278.5215,1139.0043,8.3273
1957-06-01,1957,6,30.6802,205.7986,230.3921,1043.7486,4.453
1957-07-01,1957,7,48.5065,381.9907,510.5664,1954.365,0.7513
1957-08-01,1957,8,63.8572,355.4818,731.3328,2629.9742,24.411
1957-09-01,1957,9,120.9268,645.859,1611.1501,3994.9652,40.1812
1957-10-01,1957,10,181.0525,895.0552,2495.5188,8780.0993,66.4099
1957-11-01,1957,11,83.6277,281.9795,822.0678,2306.5991,1.7184
1957-12-01,1957,12,30.2359,193.5768,299.2149,1394.3657,18.4232
1958-01-01,1958,1,7.1913,177.2385,82.4359,435.4543,0.0939
1958-02-01,1958,2,32.9476,176.3561,151.9502,559.6,0.0161
1958-03-01,1958,3,5.2209,176.3474,35.4805,276.7506,0.0016
1958-04-01,1958,4,3.0744,170.771,24.1905,245.4534,0.0032
1958-05-01,1958,5,243.3408,705.1382,2470.8085,5462.6921,24.0478
1958-06-01,1958,6,34.027,177.8962,368.628,974.0238,0.1548
1958-07-01,1958,7,100,453.4277,1682.0315,3822.8894,18.6048
1958-08-01,1958,8,632.9406,1645.806,6873.5118,13089.0868,272.5823
1958-09-01,1958,9,174.6074,820.9371,3919.6123,8438.6409,21.1822
1958-10-01,1958,10,367.1381,2160.0272,6473.5292,19530.447,183.4989
1958-11-01,1958,11,100,357.1077,1987.0074,4228.0439,10.0906
1958-12-01,1958,12,35.2637,208.3778,633.3546,1918.6259,0.0714
1959-01-01,1959,1,8.6407,169.4804,179.6111,566.8188,0.0019
1959-02-01,1959,2,53.8474,176.4109,264.8438,887.2356,1.7299
1959-03-01,1959,3,88.7277,272.7278,657.365,2499.3746,10.4182
1959-04-01,1959,4,11.6382,164.5685,102.63,575.0465,0.2087
1959-05-01,1959,5,4.173,168.6718,40.199,259.879,0.0076
1959-06-01,1959,6,46.0182,209.351,299.3309,1140.546,2.2906
1959-07-01,1959,7,48.9734,229.8171,445.2255,1367.1674,2.3272
1959-08-01,1959,8,100,488.899,1523.3365,4803.1538,87.046
1959-09-01,1959,9,100,583.9293,1487.2891,5294.7212,64.6895
1959-10-01,1959,10,114.2457,834.3465,1733.7609,8821.2734,168.8992
1959-11-01,1959,11,22.6238,159.1412,302.8655,1321.2018,2.4886
1959-12-01,1959,12,145.9436,501.9711,1291.1273,5323.8175,192.7774
1960-01-01,1960,1,26.1383,160.2354,207.2319,924.1257,0.9885
1960-02-01,1960,2,60.0929,179.4049,319.469,1264.0787,15.6179
1960-03-01,1960,3,10.4165,157.6441,71.5287,394.3474,0.0938
1960-04-01,1960,4,413.215,917.4112,3445.7773,10582.0828,370.8307
1960-05-01,1960,5,1283.2924,3100.2439,9611.2638,23023.2194,1124.9958
1960-06-01,1960,6,225.3738,1381.3337,4193.409,12137.3627,1052.3543
1960-07-01,1960,7,854.8263,6436.0537,18737.16,40769.5278,8541.7196
1960-08-01,1960,8,380.0504,3896.955,10723.9095,23112.3573,3592.3023
1960-09-01,1960,9,2690.0861,6160.7421,20543.2082,39508.0043,3016.3434
1960-10-01,1960,10,331.5696,305.8062,3887.9629,6009.1324,12.0008
1960-11-01,1960,11,1154.7751,1374.5157,5783.9912,12777.4172,328.1482
1960-12-01,1960,12,109.4876,200.9145,1064.3421,2122.5837,1.746
1961-01-01,1961,1,40.2941,189.1873,328.8488,726.5385,0.0001
1961-02-01,1961,2,16.1336,176.6364,133.5799,465.8463,0.0066
1961-03-01,1961,3,62.6065,272.3489,512.1279,1885.3595,0.3905
1961-04-01,1961,4,149.0004,437.376,1121.3118,2900.2962,2.7745
1961-05-01,1961,5,34.9432,234.0777,337.3063,1307.9037,0.3181
1961-06-01,1961,6,100,385.7185,699.68,3159.5666,9.657
1961-07-01,1961,7,133.7513,1068.9589,2328.7037,6789.1587,19.4612
1961-08-01,1961,8,110.4106,1508.1984,2488.6418,9337.7852,15.3514
1961-09-01,1961,9,44.2856,306.9628,722.6996,2188.1075,1.3848
1961-10-01,1961,10,100,338.541,847.8571,2321.9819,1.5605
1961-11-01,1961,11,29.1937,183.7231,216.8579,794.4625,0.4746
1961-12-01,1961,12,14.9958,184.9988,101.7549,484.3102,0.1644
1962-01-01,1962,1,34.6412,185.6023,79.924,352.4933,0.0212
1962-02-01,1962,2,8.1798,165.8316,52.1683,342.0547,0.0952
1962-03-01,1962,3,22.5243,182.208,58.3754,374.7163,0.2318
1962-04-01,1962,4,5.525,180.4277,49.818,402.3497,0.0339
1962-05-01,1962,5,100,416.2049,1116.1248,2692.73,8.8606
1962-06-01,1962,6,299.8295,858.1789,2821.9346,5307.7834,32.4452
1962-07-01,1962,7,100,453.7055,1466.0518,3070.6619,13.5488
1962-08-01,1962,8,100,1223.2619,2507.2925,5618.2255,52.1698
1962-09-01,1962,9,255.8935,2680.7873,6627.424,16204.738,317.9099
1962-10-01,1962,10,280.7709,1370.9041,4634.9794,14672.4109,1086.3301
1962-11-01,1962,11,59.7035,190.2268,911.15,2014.9202,2.9031
1962-12-01,1962,12,20.8396,188.0545,359.6326,985.2384,0.9294
1963-01-01,1963,1,1100.9235,1413.5278,5343.9354,12187.3522,136.2027
1963-02-01,1963,2,129.5965,227.9483,893.1708,2647.6177,1.0384
1963-03-01,1963,3,52.6871,194.9682,368.9472,1228.016,0.1559
1963-04-01,1963,4,14.3419,179.5886,131.0196,730.2158,0.0059
1963-05-01,1963,5,398.0644,1108.7318,3470.1011,15037.1,544.633
1963-06-01,1963,6,83.5412,331.1206,918.0495,7878.7661,100.7867
1963-07-01,1963,7,370.9095,2571.2225,5583.2232,17659.6591,1030.5358
1963-08-01,1963,8,137.2076,1634.7635,3654.643,9970.9264,840.3012
1963-09-01,1963,9,293.7761,2953.6681,6895.6732,20230.0518,3764.6127
1963-10-01,1963,10,90.7362,242.6914,1380.5387,3029.018,11.8952
1963-11-01,1963,11,18.2703,180.7803,411.1711,940.0509,0.0074
1963-12-01,1963,12,6.3302,180.8358,144.3646,464.8078,0.002
1964-01-01,1964,1,2.2562,177.0322,51.5762,272.5299,0.0002
1964-02-01,1964,2,100,460.1887,1406.203,3979.0376,31.4041
1964-03-01,1964,3,15.1837,180.6717,242.0174,879.3367,0.3554
1964-04-01,1964,4,145.2589,666.5452,1995.2549,5994.593,229.6163
1964-05-01,1964,5,59.102,398.4294,938.1823,3666.222,66.5471
1964-06-01,1964,6,77.5573,530.4261,1132.0324,4718.0001,480.3994
1964-07-01,1964,7,646.877,4987.4082,11217.2953,32429.3143,9228.5208
1964-08-01,1964,8,436.9404,4174.7658,10972.3832,26903.3671,4413.6192
1964-09-01,1964,9,880.8377,3792.6668,12394.4902,28839.0337,4482.3666
1964-10-01,1964,10,691.5802,2622.1122,8856.9913,21323.4593,3884.8673
1964-11-01,1964,11,361.9352,924.5529,4115.5748,9443.5202,100.1374
1964-12-01,1964,12,234.0758,1030.2583,2578.5586,10233.7904,50.4395
1965-01-01,1965,1,38.2684,199.1989,525.0954,1374.1644,0.2818
1965-02-01,1965,2,9.5766,178.7897,158.1287,491.2104,0.0001
1965-03-01,1965,3,5.0982,198.3315,77.4024,367.5406,0.0018
1965-04-01,1965,4,100,429.8035,900.2835,3105.8035,6.4531
1965-05-01,1965,5,73.9716,289.4548,597.4113,2433.9225,9.4765
1965-06-01,1965,6,55.5554,265.9421,446.195,1853.543,3.5459
1965-07-01,1965,7,228.3625,1233.2216,3345.5526,10255.577,95.4125
1965-08-01,1965,8,559.6265,3550.8382,8309.7361,25813.0735,428.898
1965-09-01,1965,9,110.0951,581.432,2129.2034,5247.7757,6.9387
1965-10-01,1965,10,37.506,215.4153,610.3439,1417.7173,0.0253
1965-11-01,1965,11,185.2817,730.2376,1861.101,4825.6135,16.5405
1965-12-01,1965,12,46.5197,215.0486,424.3688,1529.2336,0.3245
1966-01-01,1966,1,16.9619,202.1445,148.1306,694.4692,0.0132
1966-02-01,1966,2,84.8275,267.5751,419.0207,1491.4943,0.1648
1966-03-01,1966,3,100,305.9748,681.5952,2582.6784,7.6763
1966-04-01,1966,4,28.9774,237.9805,290.4858,1791.4997,1.1366
1966-05-01,1966,5,30.0276,245.6437,254.7682,1508.6393,0.1097
1966-06-01,1966,6,10.6908,194.2351,111.9311,1383.5065,0.4912
1966-07-01,1966,7,125.6116,711.82,1406.7857,8197.2126,25.903
1966-08-01,1966,8,526.1208,2978.7822,6595.185,22430.884,629.8812
1966-09-01,1966,9,165.0256,809.5969,2672.1445,6529.3558,68.9587
1966-10-01,1966,10,234.455,1413.6406,3253.842,11731.589,51.1522
1966-11-01,1966,11,88.1751,355.7873,1074.6495,3129.6561,1.3672
1966-12-01,1966,12,100,449.7538,1043.8028,4002.8478,123.4183
1967-01-01,1967,1,17.1924,187.8292,202.8598,865.0235,0.7024
1967-02-01,1967,2,4.1014,167.2379,61.184,334.599,0.0004
1967-03-01,1967,3,3.0244,185.9932,40.3988,294.4103,0.0009
1967-04-01,1967,4,2.457,179.1819,26.0161,263.8076,0.0077
1967-05-01,1967,5,11.5376,190.7807,94.9473,337.0616,0.0186
1967-06-01,1967,6,3.0282,177.5909,24.2162,209.2286,0.0021
1967-07-01,1967,7,27.4251,199.6446,161.5033,459.5307,0.0417
1967-08-01,1967,8,100,360.2046,950.128,2553.4472,8.5152
1967-09-01,1967,9,48.2155,245.17,471.2274,1293.9636,0.4493
1967-10-01,1967,10,8.7094,175.0981,100,362.2607,0.0022
1967-11-01,1967,11,4.9067,170.4318,53.2727,307.4538,0.0059
1967-12-01,1967,12,16.815,180.2086,107.2032,656.145,0.5555
1968-01-01,1968,1,9.3904,170.3505,38.6139,362.4237,0.0105
1968-02-01,1968,2,1.3342,150.9166,8.6774,194.2497,0.0004
1968-03-01,1968,3,54.3953,171.0198,124.687,397.3669,0.0203
1968-04-01,1968,4,371.9959,702.4366,2952.3448,5077.8209,39.3482
1968-05-01,1968,5,597.0253,1384.1263,5361.4883,10653.4174,262.5604
1968-06-01,1968,6,227.8081,1960.44,5780.1763,12179.0458,550.9195
1968-07-01,1968,7,276.8519,2502.7876,8489.066,14786.426,1045.7496
1968-08-01,1968,8,537.5736,3402.9264,11053.387,22407.8631,4157.1156
1968-09-01,1968,9,100,463.492,2812.3401,5019.7626,29.1063
1968-10-01,1968,10,620.9058,2109.6176,6972.4689,16665.5569,372.4437
1968-11-01,1968,11,333.4904,743.9417,3235.6645,7797.2113,142.4014
1968-12-01,1968,12,83.1852,222.9349,802.7637,1808.124,0.8767
1969-01-01,1969,1,25.0517,184.9558,272.5203,741.5199,0.1036
1969-02-01,1969,2,78.1228,234.1675,490.6407,2683.0599,7.6386
1969-03-01,1969,3,26.3996,185.7189,146.0045,719.3808,0.0779
1969-04-01,1969,4,13.1427,182.145,114.1968,689.0968,0.6862
1969-05-01,1969,5,100,435.9924,1010.6618,3807.7793,16.0702
1969-06-01,1969,6,17.2035,173.0728,168.2472,912.7221,0.3956
1969-07-01,1969,7,100,443.3871,1066.8343,4118.6827,29.4209
1969-08-01,1969,8,100,653.4053,2002.7599,8395.7501,242.8541
1969-09-01,1969,9,281.8847,1622.9316,3931.7225,14471.8916,374.8833
1969-10-01,1969,10,44.069,185.4172,676.3731,1934.9958,2.4747
1969-11-01,1969,11,108.2378,554.0611,1555.2545,4439.9036,16.5306
1969-12-01,1969,12,48.9519,248.1677,504.8114,1850.7364,1.7707
1970-01-01,1970,1,278.6823,771.8534,1865.7459,15545.9835,76.6912
1970-02-01,1970,2,33.2958,151.4655,259.477,1538.1413,0.3911
1970-03-01,1970,3,424.2549,1590.2294,3150.0019,12632.7598,16.976
1970-04-01,1970,4,160.1313,642.3329,1643.3375,9851.2607,48.2492
1970-05-01,1970,5,100,923.1024,1294.6012,11263.5922,85.2094
1970-06-01,1970,6,100,687.3582,1152.7059,7633.9741,92.8917
1970-07-01,1970,7,100,2362.6423,2530.2377,12000.1198,550.4841
1970-08-01,1970,8,345.783,4311.3137,7435.5078,24430.5618,6151.6167
1970-09-01,1970,9,111.5149,2118.3747,5169.4015,20298.8737,2141.7015
1970-10-01,1970,10,68.8566,325.4447,1449.0179,4118.6139,34.067
1970-11-01,1970,11,178.9383,1153.4449,3261.5022,15973.7828,963.3074
1970-12-01,1970,12,100,543.1898,1270.8011,12834.7188,69.3893
1971-01-01,1971,1,101.4002,897.5317,1206.7518,8197.9999,7.5695
1971-02-01,1971,2,103.6557,441.7341,969.6364,7862.9236,5.2277
1971-03-01,1971,3,21.9007,184.0939,200.8123,1144.406,0.0908
1971-04-01,1971,4,134.6417,351.4014,861.6175,3847.8537,36.6848
1971-05-01,1971,5,259.728,984.4399,2035.064,13370.7851,391.443
1971-06-01,1971,6,165.0666,901.5006,1956.0112,10881.6065,1631.0331
1971-07-01,1971,7,76.4903,360.2989,789.4823,3488.2832,698.1129
1971-08-01,1971,8,100,908.212,1441.9785,5882.0666,251.8934
1971-09-01,1971,9,123.0318,1178.4747,2588.4321,9180.3905,1451.4403
1971-10-01,1971,10,613.5623,2573.8807,6289.0831,20250.8986,2958.2124
1971-11-01,1971,11,789.1621,2911.1054,7139.1711,23660.2478,1169.0547
1971-12-01,1971,12,211.2439,718.8228,2573.2033,12733.726,1381.547
1972-01-01,1972,1,75.3815,265.6073,772.9343,3044.4524,15.4243
1972-02-01,1972,2,211.8655,593.2939,1238.1297,7032.7327,208.9645
1972-03-01,1972,3,40.5086,244.2556,294.5791,2323.6961,33.4163
1972-04-01,1972,4,125.2959,314.0793,775.8424,6178.7275,227.7524
1972-05-01,1972,5,30.5624,202.9381,200.5993,1773.979,18.8722
1972-06-01,1972,6,12.4172,191.4897,105.1589,1804.6109,79.6225
1972-07-01,1972,7,77.1524,354.089,489.2843,6491.5441,1727.0467
1972-08-01,1972,8,100,503.7589,903.6095,5391.1393,1252.7406
1972-09-01,1972,9,19.8049,185.7948,167.5242,1132.3781,9.0812
1972-10-01,1972,10,88.0375,306.2348,481.3621,1755.441,4.2967
1972-11-01,1972,11,34.0278,178.1504,164.7953,711.428,0.9399
1972-12-01,1972,12,5.3494,170.0632,37.7632,287.4528,0.0048
1973-01-01,1973,1,25.0326,176.3625,100,445.7609,0.6514
1973-02-01,1973,2,2044.4705,3004.7667,11013.4973,27034.0247,468.2005
1973-03-01,1973,3,226.82,237.562,1830.9718,5105.3854,7.444
1973-04-01,1973,4,100,207.5612,726.7629,2059.9641,1.9191
1973-05-01,1973,5,221.4087,726.1789,2130.5213,10560.9457,456.1479
1973-06-01,1973,6,104.1417,730.2938,1398.2888,9500.5694,1793.3342
1973-07-01,1973,7,94.3944,475.0607,1118.9167,5009.1256,516.142
1973-08-01,1973,8,267.8613,2303.1548,4050.1965,14694.8079,2683.8523
1973-09-01,1973,9,220.2483,1245.1844,2918.4808,9260.2417,264.4215
1973-10-01,1973,10,399.934,816.1481,3198.3919,7401.513,191.7111
1973-11-01,1973,11,165.5871,762.1164,2130.6502,10419.5572,73.5577
1973-12-01,1973,12,97.4889,250.2385,633.6587,2012.8204,1.0472
1974-01-01,1974,1,100,225.2814,552.6847,1989.9166,16.2912
1974-02-01,1974,2,23.6641,158.1969,128.2415,545.8483,0.1181
1974-03-01,1974,3,11.9594,175.0959,67.9062,481.4357,11.6991
1974-04-01,1974,4,198.0152,881.1129,2645.6507,10392.7424,658.2998
1974-05-01,1974,5,588.9388,1436.3841,5163.1308,16278.501,2463.0491
1974-06-01,1974,6,84.3328,338.6212,1148.446,5066.9451,99.662
1974-07-01,1974,7,491.1226,3765.7302,10513.8285,28602.2693,6960.0562
1974-08-01,1974,8,398.8134,4951.6133,12916.8933,34149.9237,5983.4396
1974-09-01,1974,9,761.3696,4070.1463,13331.933,26428.9857,2177.9395
1974-10-01,1974,10,627.4649,1478.4301,7785.6409,16304.013,1416.8457
1974-11-01,1974,11,100,363.4382,1852.0268,3708.2731,2.5987
1974-12-01,1974,12,58.7711,221.6126,670.6995,1512.8912,0.4498
1975-01-01,1975,1,23.7084,196.8487,253.867,678.2802,0.006
1975-02-01,1975,2,4.028,170.7637,68.418,287.7932,0
1975-03-01,1975,3,100,386.5486,985.7915,2927.2185,6.5987
1975-04-01,1975,4,16.8755,185.7543,158.0787,674.3306,0.0389
1975-05-01,1975,5,83.521,288.0455,566.0165,1815.4073,1.2276
1975-06-01,1975,6,24.98,212.474,207.4114,1159.4261,0.4424
1975-07-01,1975,7,94.655,315.4437,888.6885,3467.1546,30.5896
1975-08-01,1975,8,344.8138,1234.3632,3724.4956,14067.9999,265.8434
1975-09-01,1975,9,512.3964,1594.0644,5078.6446,16542.0635,623.8605
1975-10-01,1975,10,2633.5813,5584.3014,19015.6898,45235.1449,8453.9446
1975-11-01,1975,11,335.7824,393.7082,3592.077,6976.4116,34.1097
1975-12-01,1975,12,95.8396,194.942,1070.7288,2039.9972,0.1287
1976-01-01,1976,1,25.1978,189.3195,339.9355,720.1801,0.0006
1976-02-01,1976,2,20.3716,173.4019,144.877,406.5133,0.0036
1976-03-01,1976,3,11.8693,196.1232,130.6989,661.5587,0.4468
1976-04-01,1976,4,3.7373,182.3288,40.0582,299.9074,0.016
1976-05-01,1976,5,6.5389,188.9786,39.3801,247.0181,0.0035
1976-06-01,1976,6,97.5462,339.0919,714.0541,1923.4498,2.3679
1976-07-01,1976,7,22.351,193.7119,193.7204,608.0185,0.046
1976-08-01,1976,8,100,432.1001,1224.8496,3630.4369,21.3665
1976-09-01,1976,9,253.8206,1051.7689,3117.2787,9833.7685,175.9992
1976-10-01,1976,10,376.197,2012.4449,5074.7426,20500.3234,78.0759
1976-11-01,1976,11,129.4455,475.6667,1804.9188,6056.8912,6.8866
1976-12-01,1976,12,100,353.0997,1018.6247,4652.8149,6.0696
1977-01-01,1977,1,22.5861,183.5204,238.3514,999.7493,0.4003
1977-02-01,1977,2,12.8906,174.0902,100,1141.8838,0.3374
1977-03-01,1977,3,15.8355,183.5398,93.9276,585.1866,0.1228
1977-04-01,1977,4,25.8197,196.4407,130.5778,730.7076,0.0059
1977-05-01,1977,5,319.7184,741.8633,2469.2185,11207.6589,212.8001
1977-06-01,1977,6,1403.0176,3790.7872,12469.0356,35444.1954,2628.157
1977-07-01,1977,7,325.2125,2357.0798,7220.2459,23952.289,4295.6856
1977-08-01,1977,8,100,621.1364,2531.9179,6251.8348,113.8161
1977-09-01,1977,9,85.943,511.5488,1413.5162,3931.6014,23.3353
1977-10-01,1977,10,31.4554,205.2183,433.3239,1184.6837,2.3403
1977-11-01,1977,11,24.6413,196.9926,249.2294,974.5453,2.6559
1977-12-01,1977,12,6.7123,181.0457,74.6649,411.6689,0.0249
1978-01-01,1978,1,23.1239,193.6422,100,458.3647,0.0103
1978-02-01,1978,2,7.0378,165.8512,42.4395,327.2602,0.0022
1978-03-01,1978,3,10.6339,188.4367,78.6059,601.5889,0.0191
1978-04-01,1978,4,61.4559,224.4152,359.1945,1570.2378,2.6122
1978-05-01,1978,5,101.9563,422.6126,1060.5395,4112.6508,16.1252
1978-06-01,1978,6,71.4146,960.5778,1528.754,14660.1106,212.9192
1978-07-01,1978,7,265.5634,3349.0271,7065.8889,28188.7676,3925.967
1978-08-01,1978,8,318.2022,4120.5466,9385.1726,28124.1309,5052.9167
1978-09-01,1978,9,253.6898,2831.6294,8343.4004,22395.0234,3245.904
1978-10-01,1978,10,149.7055,707.2242,2693.4061,5642.6886,63.4965
1978-11-01,1978,11,651.0665,3247.6989,7050.7914,30749.7128,8660.6922
1978-12-01,1978,12,314.7072,898.5898,4144.158,22646.9213,5031.6552
1979-01-01,1979,1,189.849,417.6554,1704.5915,4376.0249,8.2903
1979-02-01,1979,2,48.2541,190.7468,438.2757,1356.3873,0.0844
1979-03-01,1979,3,14.614,199.9954,181.8766,689.079,0.007
1979-04-01,1979,4,24.1184,199.7273,153.1513,711.8757,0.6815
1979-05-01,1979,5,100,324.9335,745.447,2599.3507,28.2158
1979-06-01,1979,6,27.2319,207.023,210.4214,1751.2708,9.779
1979-07-01,1979,7,29.7953,218.1775,259.4008,1423.2153,1.8797
1979-08-01,1979,8,106.7073,602.95,1336.9758,9084.6453,475.6985
1979-09-01,1979,9,221.4538,938.1437,2121.3511,12384.4424,1078.1345
1979-10-01,1979,10,368.8501,1047.4838,3391.7422,13810.63,966.7669
1979-11-01,1979,11,62.7022,195.2611,656.1535,2083.9171,9.9131
1979-12-01,1979,12,16.1806,182.1869,198.1897,725.8236,0.1046
1980-01-01,1980,1,16.0337,195.1426,119.8998,746.6624,0.1532
1980-02-01,1980,2,2.2957,161.7425,27.6068,265.5825,0.0008
1980-03-01,1980,3,1.3001,177.6612,13.7839,236.5222,0.0009
1980-04-01,1980,4,50.3794,190.3776,238.8901,765.7114,3.4357
1980-05-01,1980,5,74.4685,235.2255,383.226,1061.3502,2.0627
1980-06-01,1980,6,100,331.1411,923.7731,2165.2054,3.019
1980-07-01,1980,7,100,333.7874,1106.3547,2792.2205,11.922
1980-08-01,1980,8,130.7538,461.5992,1621.8779,3886.4338,53.4665
1980-09-01,1980,9,100,467.203,1256.8516,3746.1381,43.8398
1980-10-01,1980,10,385.6211,876.5869,3526.9669,12975.4146,400.7108
1980-11-01,1980,11,77.3244,199.9833,706.9215,2098.823,3.2448
1980-12-01,1980,12,36.938,194.6092,323.1917,1552.1543,1.0442
1981-01-01,1981,1,26.722,210.5001,227.2851,2377.7523,0.2702
1981-02-01,1981,2,4.9277,155.1494,56.1828,682.7706,0.0047
1981-03-01,1981,3,15.3414,172.9931,77.5172,821.2299,0.1031
1981-04-01,1981,4,3.6704,160.2731,27.1844,321.8836,0.0139
1981-05-01,1981,5,100,290.8526,696.5362,3292.3003,19.465
1981-06-01,1981,6,288.9263,692.1753,2726.5749,9256.9756,46.0969
1981-07-01,1981,7,351.0348,1320.6048,4714.02,16136.4305,213.5357
1981-08-01,1981,8,1138.6564,5574.5748,15325.1838,37552.5358,3718.6863
1981-09-01,1981,9,103.5426,253.695,2679.2941,5484.7735,19.8553
1981-10-01,1981,10,352.3906,1633.4626,4991.7638,16017.8305,302.4818
1981-11-01,1981,11,211.9263,407.6129,1957.3705,4739.3245,81.6433
1981-12-01,1981,12,38.23,175.5578,454.9415,1193.1464,0.5057
1982-01-01,1982,1,32.2868,180.1786,210.2203,697.3775,0.0593
1982-02-01,1982,2,4.7457,152.8224,53.2543,266.3567,0.0003
1982-03-01,1982,3,44.7689,222.052,305.9219,879.7726,0.307
1982-04-01,1982,4,16.0538,174.7723,105.1666,467.3656,0.079
1982-05-01,1982,5,41.5669,229.1944,365.9751,1504.3138,0.9875
1982-06-01,1982,6,47.5585,189.5145,227.6156,769.2263,0.6481
1982-07-01,1982,7,17.9416,177.0599,135.3889,482.3231,0.0365
1982-08-01,1982,8,4.7565,165.5516,44.1132,269.8862,0.0009
1982-09-01,1982,9,38.1624,243.1542,356.91,1616.2467,1.6806
1982-10-01,1982,10,16.8433,169.7389,106.3326,610.9157,0.0399
1982-11-01,1982,11,4.9057,151.8537,33.376,278.3392,0.0003
1982-12-01,1982,12,27.192,184.1996,137.8749,684.097,0.0176
1983-01-01,1983,1,3.6315,152.9676,24.3546,266.9582,0.0075
1983-02-01,1983,2,0.8183,137.1564,6.816,170.2744,0
1983-03-01,1983,3,115.2317,288.6706,815.0746,2129.2318,2.025
1983-04-01,1983,4,52.2491,184.4961,334.3841,1037.0059,0.3138
1983-05-01,1983,5,291.2087,767.818,2864.8392,7115.2164,147.466
1983-06-01,1983,6,100,622.8802,1887.2662,5647.4885,182.1288
1983-07-01,1983,7,259.693,2553.5713,5878.8949,17703.4751,578.2609
1983-08-01,1983,8,277.9171,2134.1369,7212.6637,19028.0443,3100.4787
1983-09-01,1983,9,244.4423,2146.7902,7166.6167,21909.5502,6143.014
1983-10-01,1983,10,269.2536,1883.1754,5256.8021,20895.8684,2006.9349
1983-11-01,1983,11,380.6472,1156.3074,3463.3947,11839.3459,48.7815
1983-12-01,1983,12,52.165,164.7456,680.0294,1690.1206,0.2418
1984-01-01,1984,1,56.7469,186.036,345.4819,1270.1765,1.173
1984-02-01,1984,2,8.1215,145.3463,85.2435,370.5088,0.0062
1984-03-01,1984,3,130.8696,283.0769,762.3014,2107.2844,9.0339
1984-04-01,1984,4,52.1233,194.6617,361.3259,1435.6477,3.35
1984-05-01,1984,5,11.6275,164.0548,100,603.3458,0.1393
1984-06-01,1984,6,8.1418,159.4063,57.3518,467.2385,0.035
1984-07-01,1984,7,31.4416,193.1557,251.7369,1671.1586,10.2355
1984-08-01,1984,8,207.097,553.1758,1764.6468,6889.6987,167.1783
1984-09-01,1984,9,421.0138,1869.6691,5067.8119,21989.0391,1148.6853
1984-10-01,1984,10,89.415,285.6258,1144.3956,3633.9784,7.8094
1984-11-01,1984,11,62.3768,196.4889,515.428,1411.2521,0.7398
1984-12-01,1984,12,17.6308,160.7249,168.0132,733.1184,0.6394
1985-01-01,1985,1,5.0398,152.187,55.2957,332.2893,0.0037
1985-02-01,1985,2,1.0649,135.4285,16.0266,184.0048,0.0001
1985-03-01,1985,3,9.6998,176.7367,106.3714,774.3549,0.3806
1985-04-01,1985,4,32.7961,215.3027,496.0486,1966.7992,59.3718
1985-05-01,1985,5,28.2006,172.298,206.6896,975.0781,2.5115
1985-06-01,1985,6,66.1054,287.3455,613.0642,2822.4618,48.0598
1985-07-01,1985,7,100,627.2476,1437.4764,5792.2586,445.9008
1985-08-01,1985,8,211.9993,1166.7009,2369.4544,10300.1346,1573.87
1985-09-01,1985,9,92.756,529.9081,1152.4041,4354.8411,14.3677
1985-10-01,1985,10,155.8245,704.6269,1636.2803,7988.0252,44.4538
1985-11-01,1985,11,89.4678,241.8076,642.6335,3528.5366,23.9137
1985-12-01,1985,12,577.0507,1840.8187,3876.4728,29666.9753,2994.1262
1986-01-01,1986,1,69.3671,150.7343,573.3846,2931.5465,6.4502
1986-02-01,1986,2,18.1057,134.7383,176.1767,904.6893,0.0029
1986-03-01,1986,3,5.591,143.892,66.6188,374.9273,0
1986-04-01,1986,4,100,211.0469,571.7144,1674.262,13.0684
1986-05-01,1986,5,100,433.1082,1200.3984,4031.3888,64.1796
1986-06-01,1986,6,68.7211,322.7981,828.0768,2743.5465,52.9989
1986-07-01,1986,7,272.9068,1177.8518,3467.277,9574.2998,1342.0701
1986-08-01,1986,8,100,617.6034,1704.5978,5642.0627,393.3783
1986-09-01,1986,9,100,752.5322,2013.0658,8194.9349,796.0832
1986-10-01,1986,10,601.7716,2349.6613,5933.5345,21130.2751,7872.2514
1986-11-01,1986,11,77.1518,156.6566,919.7176,2408.6961,22.9065
1986-12-01,1986,12,252.1928,408.0378,1367.991,5109.7615,82.6831
1987-01-01,1987,1,100,210.471,694.6815,2547.1995,15.4893
1987-02-01,1987,2,44.1686,164.7724,298.3627,1632.3105,8.2597
1987-03-01,1987,3,32.2159,187.0145,209.0928,1537.3843,5.8631
1987-04-01,1987,4,12.0194,142.3632,74.1032,590.5206,0.3498
1987-05-01,1987,5,217.2927,665.4276,1742.0767,10902.0902,311.3384
1987-06-01,1987,6,103.8327,330.9985,1031.2617,8383.6113,455.6974
1987-07-01,1987,7,76.7521,344.1531,652.0194,5688.3732,1783.1052
1987-08-01,1987,8,62.8895,446.8467,953.218,7827.0591,942.2217
1987-09-01,1987,9,64.0288,355.8156,734.8311,4186.7366,143.4548
1987-10-01,1987,10,59.9018,225.0992,477.8043,2348.195,149.0391
1987-11-01,1987,11,55.3577,207.1207,366.989,1709.4467,5.9171
1987-12-01,1987,12,132.1425,353.5113,829.9454,5464.5292,41.8387
1988-01-01,1988,1,71.4985,189.1722,389.1174,2080.4892,7.0484
1988-02-01,1988,2,12.6265,121.0075,80.7893,493.4226,0.0368
1988-03-01,1988,3,9.459,141.7199,68.5977,639.9402,0.1454
1988-04-01,1988,4,2.2311,129.2854,20.896,305.4066,0.0035
1988-05-01,1988,5,226.5734,312.1759,1145.9539,3819.7753,28.4735
1988-06-01,1988,6,137.8835,376.0737,1250.6101,4933.4891,63.2097
1988-07-01,1988,7,100,558.3317,1500.2798,6253.85,108.4149
1988-08-01,1988,8,118.9782,930.2076,2854.9084,12521.3623,938.1829
1988-09-01,1988,9,143.3374,467.7837,1714.9635,4964.9521,45.6433
1988-10-01,1988,10,43.8229,158.3963,444.7579,1412.9219,2.5312
1988-11-01,1988,11,100,577.8947,909.1566,7991.7166,81.8922
1988-12-01,1988,12,200.9549,359.7836,913.1975,4516.9496,8.1153
1989-01-01,1989,1,36.5422,141.0463,229.2278,1429.1124,2.8635
1989-02-01,1989,2,9.6492,114.773,72.2924,409.119,0.0318
1989-03-01,1989,3,69.0796,171.2097,283.0748,1632.128,3.4952
1989-04-01,1989,4,310.8987,519.4914,1980.8163,9202.1014,57.1963
1989-05-01,1989,5,217.835,609,1941.2007,12105.1769,159.3683
1989-06-01,1989,6,138.633,926.6158,2029.6773,12038.6302,806.4803
1989-07-01,1989,7,149.0747,1938.5344,3431.1993,16411.9092,3604.8472
1989-08-01,1989,8,383.5124,3668.0591,7219.9355,22610.4271,4028.5991
1989-09-01,1989,9,268.752,1665.6193,4444.9289,13732.942,229.6504
1989-10-01,1989,10,506.2433,2299.6783,5245.5083,19308.408,2865.9547
1989-11-01,1989,11,84.4288,161.6524,969.8509,2401.5861,5.4212
1989-12-01,1989,12,27.7731,142.847,336.4196,888.9822,0.0763
1990-01-01,1990,1,6.1313,136.1976,100.8793,334.9306,0.0004
1990-02-01,1990,2,556.5305,813.0204,2912.1437,8513.6552,64.9406
1990-03-01,1990,3,78.2198,143.3882,453.0996,1478.8834,0.3805
1990-04-01,1990,4,73.7725,329.7215,561.5417,3264.1218,3.3688
1990-05-01,1990,5,13.1426,138.5925,104.7673,655.9502,0.0308
1990-06-01,1990,6,83.9762,280.1715,513.1537,2931.1905,10.5397
1990-07-01,1990,7,376.8761,1043.7581,2663.9178,10319.0845,60.7686
1990-08-01,1990,8,366.2161,1665.2231,3615.8199,16695.7767,264.496
1990-09-01,1990,9,100,594.687,1497.7629,6006.726,56.3577
1990-10-01,1990,10,112.835,879.4937,1709.3407,11379.0109,316.839
1990-11-01,1990,11,67.2253,206.886,549.1007,2111.7763,11.1227
1990-12-01,1990,12,15.6533,138.9221,149.9269,676.4898,0.113
1991-01-01,1991,1,86.3009,201.9008,387.051,1793.8002,83.3092
1991-02-01,1991,2,9.2541,120.9448,59.0044,389.5021,0.4256
1991-03-01,1991,3,4.0886,134.989,37.5932,349.2565,0.022
1991-04-01,1991,4,14.4397,139.9882,72.4591,420.8458,0.1118
1991-05-01,1991,5,3.6175,135.3931,27.7243,245.037,0.0062
1991-06-01,1991,6,399.8037,830.8904,2880.3464,9454.2502,417.7731
1991-07-01,1991,7,100,401.7648,1073.0521,4081.547,20.411
1991-08-01,1991,8,390.9546,2151.5524,4734.71,17720.1117,1649.7367
1991-09-01,1991,9,319.8806,2148.5087,4669.6206,18854.5574,3774.48
1991-10-01,1991,10,53.1546,161.2377,838.4156,2611.3194,10.5511
1991-11-01,1991,11,31.9629,140.3114,353.3278,1067.2543,0.8872
1991-12-01,1991,12,332.411,519.8552,1481.6315,5112.2856,6.1908
1992-01-01,1992,1,79.4076,222.8947,336.6478,1206.4697,0.0362
1992-02-01,1992,2,14.4281,120.2634,82.7893,375.108,0.0093
1992-03-01,1992,3,17.0924,141.9798,112.5413,574.5599,0.2289
1992-04-01,1992,4,31.534,145.0381,222.6854,1079.4162,9.1584
1992-05-01,1992,5,100,241.3682,631.0302,2304.2823,8.7051
1992-06-01,1992,6,108.9924,498.6511,1368.2922,7535.4017,119.8427
1992-07-01,1992,7,71.96,320.6735,789.1546,5050.9843,52.2463
1992-08-01,1992,8,264.2603,1717.0129,3646.9866,18076.7524,2023.5706
1992-09-01,1992,9,923.182,3966.3347,10500.3909,32176.7856,8193.2732
1992-10-01,1992,10,471.7485,2124.7214,6501.2883,21928.4846,3829.8192
1992-11-01,1992,11,270.3491,1306.2105,3689.529,14670.2021,163.6206
1992-12-01,1992,12,289.4764,994.6984,3044.3456,21554.7421,8279.9269
1993-01-01,1993,1,342.0933,477.173,1872.4304,9416.1953,677.4351
1993-02-01,1993,2,61.5156,199.1719,438.5319,2509.5184,10.5693
1993-03-01,1993,3,29.2346,148.1541,173.1344,786.4196,0.0718
1993-04-01,1993,4,6.4061,137.6094,52.1114,334.8187,0.0015
1993-05-01,1993,5,22.1336,152.178,101.0565,472.9802,0.2965
1993-06-01,1993,6,83.8053,274.4148,540.7243,3028.6018,14.4804
1993-07-01,1993,7,130.8004,352.4773,960.8822,5916.6925,134.3949
1993-08-01,1993,8,100,376.4146,1081.1055,7867.8806,179.7998
1993-09-01,1993,9,1042.3196,3028.1988,7488.3425,28981.4356,6508.4012
1993-10-01,1993,10,267.0701,1006.9511,3205.5395,17027.3857,3618.7854
1993-11-01,1993,11,100,267.6221,1027.9361,3702.0768,29.235
1993-12-01,1993,12,457.4934,795.1554,2313.3885,10894.2531,102.7155
1994-01-01,1994,1,68.5539,165.5742,445.2767,1789.3798,1.0482
1994-02-01,1994,2,153.0601,412.3903,952.606,4473.2509,49.8273
1994-03-01,1994,3,24.1862,139.9916,161.0046,843.3303,0.279
1994-04-01,1994,4,12.9318,143.5576,87.0476,645.4093,0.1176
1994-05-01,1994,5,28.0065,170.3064,174.5273,1543.0247,1.8536
1994-06-01,1994,6,100,311.6634,775.3611,4931.7338,26.3722
1994-07-01,1994,7,25.2587,157.9337,235.9186,1978.9389,4.3417
1994-08-01,1994,8,24.0977,208.6803,238.3489,2624.5421,23.8891
1994-09-01,1994,9,80.3962,369.3449,663.3665,6655.6619,37.1942
1994-10-01,1994,10,39.9421,199.5038,345.6602,2654.7025,21.4215
1994-11-01,1994,11,28.1926,197.7749,252.6862,4064.6423,22.5214
1994-12-01,1994,12,4.0327,129.03,51.3259,681.3471,0.2116
1995-01-01,1995,1,27.7794,149.8847,175.6571,1088.5528,3.6064
1995-02-01,1995,2,6.6126,118.9558,50.3736,337.0859,0.0256
1995-03-01,1995,3,23.0855,143.688,179.0352,1064.7765,2.2887
1995-04-01,1995,4,261.8449,664.2743,1893.6021,7437.2715,47.6102
1995-05-01,1995,5,100,313.628,971.9461,5231.7491,69.291
1995-06-01,1995,6,155.8702,660.8736,1731.6199,9487.3568,760.3759
1995-07-01,1995,7,226.4688,2058.7309,3870.5539,16604.1939,4081.1446
1995-08-01,1995,8,86.534,697.4275,1716.3715,6154.9137,465.4067
1995-09-01,1995,9,41.5499,359.2933,847.3975,4051.219,76.1628
1995-10-01,1995,10,100,736.2415,1296.7773,8788.2702,91.9272
1995-11-01,1995,11,88.293,1268.8974,1577.2658,18290.1679,1481.6759
1995-12-01,1995,12,20.5079,162.046,338.1439,2687.8429,8.3268
1996-01-01,1996,1,25.2035,153.2989,191.6272,1045.8,0.4767
1996-02-01,1996,2,100,373.7126,631.3882,2602.6059,0.8373
1996-03-01,1996,3,53.4555,183.0154,248.7302,1077.6369,0.1923
1996-04-01,1996,4,45.1361,196.0383,269.1545,1480.5531,2.0581
1996-05-01,1996,5,10.1772,140.7228,69.3617,542.2745,0.0122
1996-06-01,1996,6,114.8153,421.4975,725.5924,3884.3166,8.4788
1996-07-01,1996,7,348.6509,1582.7787,3062.1534,17001.3551,394.1366
1996-08-01,1996,8,297.6956,2463.9497,3582.7594,18650.841,655.05
1996-09-01,1996,9,865.9237,4558.9974,8234.4166,28673.935,4802.2775
1996-10-01,1996,10,160.8752,493.5457,2097.9323,5333.528,31.9466
1996-11-01,1996,11,48.6995,145.9051,562.5243,1469.1024,0.6205
1996-12-01,1996,12,15.8193,139.5824,201.1282,628.4275,0.3257
1997-01-01,1997,1,25.3479,148.6925,160.9128,588.7038,0.5971
1997-02-01,1997,2,3.2069,122.5282,33.8199,212.6151,0.0032
1997-03-01,1997,3,2.9712,139.8126,31.5504,234.2937,0.0009
1997-04-01,1997,4,1.4756,131.4685,12.8135,170.0922,0.0002
1997-05-01,1997,5,93.3697,225.1095,528.7928,1239.0066,5.3714
1997-06-01,1997,6,27.3255,163.6653,240.6077,791.9885,0.4561
1997-07-01,1997,7,24.0776,169.1178,226.1416,615.651,0.1506
1997-08-01,1997,8,95.4472,272.8293,685.4228,1754.601,3.159
1997-09-01,1997,9,139.3832,413.3151,1440.7905,3364.7842,19.1079
1997-10-01,1997,10,51.2594,179.3522,400.2346,1451.4236,0.9323
1997-11-01,1997,11,88.3022,273.6324,690.3126,2760.6814,18.2153
1997-12-01,1997,12,11.0499,124.8238,112.9248,542.6864,0.096
1998-01-01,1998,1,13.8412,128.9595,81.3786,434.7505,0.1821
1998-02-01,1998,2,16.3395,122.0404,97.9069,423.023,0.0484
1998-03-01,1998,3,2.9131,122.584,21.8798,194.4027,0.0003
1998-04-01,1998,4,59.7371,157.2914,328.0909,1158.255,3.5229
1998-05-01,1998,5,24.9678,142.6053,168.4636,595.4617,0.1369
1998-06-01,1998,6,99.5337,278.5195,757.0331,2086.6295,2.9386
1998-07-01,1998,7,113.4778,386.8207,1422.6764,3506.4444,13.4251
1998-08-01,1998,8,31.9144,146.9799,370.8313,1304.5146,1.1864
1998-09-01,1998,9,84.1403,251.8236,663.5829,1913.9648,2.192
1998-10-01,1998,10,108.7414,404.0168,1108.57,3536.3988,3.7297
1998-11-01,1998,11,98.9819,318.737,844.5362,3158.8246,1.571
1998-12-01,1998,12,43.0366,144.7396,276.7032,1141.8617,0.0208
1999-01-01,1999,1,16.3749,130.8753,158.1214,831.5081,0.0867
1999-02-01,1999,2,57.5275,196.8018,482.3562,2068.5391,2.2581
1999-03-01,1999,3,30.812,139.8951,217.7452,1168.3625,0.1459
1999-04-01,1999,4,5.6318,110.747,50.3088,354.126,0.0012
1999-05-01,1999,5,56.8012,155.7266,300.2479,1323.8512,1.6236
1999-06-01,1999,6,77.8805,179.1106,456.1671,1999.04,1.5569
1999-07-01,1999,7,19.7193,127.5996,164.9339,1171.6518,0.2001
1999-08-01,1999,8,116.0211,436.6667,1337.8896,6094.2699,5.8058
1999-09-01,1999,9,49.5513,169.3445,434.8486,2023.5512,0.1333
1999-10-01,1999,10,44.4956,176.1312,364.513,1608.0235,1.42
1999-11-01,1999,11,24.0612,118.7653,158.3045,675.3815,0.2013
1999-12-01,1999,12,100,321.6573,772.848,3542.0097,6.5716
2000-01-01,2000,1,16.3943,129.114,159.6775,868.4312,0.0358
2000-02-01,2000,2,6.9763,100,56.0077,292.1149,0.0016
2000-03-01,2000,3,1.7054,103.9818,18.6394,167.6432,0
2000-04-01,2000,4,51.0914,137.2313,311.895,966.4292,0.2842
2000-05-01,2000,5,100,346.0695,809.6579,2837.1031,0.792
2000-06-01,2000,6,44.9996,141.9904,297.073,841.8079,0.0043
2000-07-01,2000,7,100,277.4859,859.3984,2218.9452,0.3885
2000-08-01,2000,8,56.1833,224.8872,563.803,1680.7288,1.5114
2000-09-01,2000,9,215.058,1012.1665,2878.3572,8446.5491,59.1662
2000-10-01,2000,10,343.5409,1966.3979,4032.8334,18496.2418,60.8172
2000-11-01,2000,11,100,149.0518,897.7403,2537.8212,0.8407
2000-12-01,2000,12,27.9076,107.3637,281.8749,844.7929,0.0253
2001-01-01,2001,1,10.1145,103.9622,100,344.7983,0.0007
2001-02-01,2001,2,2.7171,98.0124,36.1782,208.3987,0.073
2001-03-01,2001,3,96.4595,147.9432,368.8437,917.0007,0.6215
2001-04-01,2001,4,90.4669,686.8833,1641.491,12089.2972,298.5935
2001-05-01,2001,5,13.9412,107.0439,257.866,2016.6588,1.6334
2001-06-01,2001,6,62.9868,189.2875,504.1801,3042.5785,61.012
2001-07-01,2001,7,11.2275,110.2251,111.9319,849.8083,1.0789
2001-08-01,2001,8,181.5672,1237.6671,2719.5291,13805.835,505.3657
2001-09-01,2001,9,88.8414,276.5735,948.7286,3664.0096,62.4816
2001-10-01,2001,10,233.2328,1266.0191,2846.1313,13703.8922,454.0871
2001-11-01,2001,11,117.7446,620.4894,1340.6684,8520.0814,71.5563
2001-12-01,2001,12,37.9423,170.42,455.5339,2434.5602,9.7171
2002-01-01,2002,1,11.9398,102.6531,125.0858,620.1869,0.0656
2002-02-01,2002,2,54.5316,124.502,346.8454,1209.1599,18.38
2002-03-01,2002,3,7.2944,100.2117,64.1691,313.3208,0.1029
2002-04-01,2002,4,15.6843,109.1182,82.1683,472.3235,0.0524
2002-05-01,2002,5,32.53,128.3923,188.9036,756.1966,0.4772
2002-06-01,2002,6,77.2465,202.8762,480.9582,2757.0133,7.1057
2002-07-01,2002,7,50.1675,267.1693,757.23,5048.278,31.1375
2002-08-01,2002,8,41.8861,248.712,575.1618,3588.1507,8.9655
2002-09-01,2002,9,69.7688,278.9011,789.3933,4939.5682,17.3834
2002-10-01,2002,10,22.8075,130.0879,242.2499,1275.5838,1.3472
2002-11-01,2002,11,8.1315,100,92.0323,629.3427,1.6779
2002-12-01,2002,12,7.7332,100,48.0016,283.4398,0.0121
2003-01-01,2003,1,4.3023,99.0689,25.7515,223.5247,0.035
2003-02-01,2003,2,3.8481,94.4822,41.5414,260.379,0.0134
2003-03-01,2003,3,8.8215,100,52.4226,280.4775,0.0058
2003-04-01,2003,4,40.6191,192.1209,316.8498,1048.5771,0.337
2003-05-01,2003,5,15.9366,102.7083,100,326.7496,0.0316
2003-06-01,2003,6,53.4929,186.6126,408.0375,1168.4196,1.3724
2003-07-01,2003,7,100,449.4725,1156.1907,3847.769,21.4457
2003-08-01,2003,8,189.8296,982.3694,2582.8811,6468.0678,111.8244
2003-09-01,2003,9,96.9795,604.7874,1683.6652,5789.914,236.2783
2003-10-01,2003,10,179.0797,1280.2235,3012.9852,16693.879,1889.9439
2003-11-01,2003,11,41.6086,137.2114,624.5698,2477.3232,5.0343
2003-12-01,2003,12,15.3674,100,205.0491,766.8121,0.0409
2004-01-01,2004,1,16.6865,100.6032,119.1763,521.108,0.169
2004-02-01,2004,2,2.6051,88.2462,38.1022,246.9128,0.0126
2004-03-01,2004,3,8.2353,100,73.4353,384.5249,0.1193
2004-04-01,2004,4,9.5825,98.1068,62.283,291.5062,0.0337
2004-05-01,2004,5,35.2674,116.1207,199.5444,702.63,0.3656
2004-06-01,2004,6,280.9381,673.7675,2384.4589,5354.3643,20.8366
2004-07-01,2004,7,100,534.2071,1848.5559,5001.7883,10.0993
2004-08-01,2004,8,218.2813,1429.8379,3479.5537,8517.8999,18.482
2004-09-01,2004,9,129.9175,1013.5534,3006.1532,9585.704,28.6677
2004-10-01,2004,10,56.4053,171.5728,778.0537,2093.8515,1.3668
2004-11-01,2004,11,100,343.1633,983.9019,3040.5936,8.4657
2004-12-01,2004,12,211.4899,576.6825,1816.6389,7212.7972,19.7905
2005-01-01,2005,1,37.9875,100,310.2324,1109.5781,0.1263
2005-02-01,2005,2,269.0423,855.2832,2044.0594,12336.2244,27.2675
2005-03-01,2005,3,35.8769,96.3152,315.0273,1552.7214,0.1532
2005-04-01,2005,4,10.3233,93.8556,108.3856,586.1238,0.0075
2005-05-01,2005,5,5.7182,96.6494,58.1568,265.1304,0.0014
2005-06-01,2005,6,87.8838,180.1255,470.7114,1797.7685,1.1223
2005-07-01,2005,7,26.319,132.5338,256.3906,1516.6841,1.2019
2005-08-01,2005,8,100,662.0663,2006.0253,10628.3649,96.5575
2005-09-01,2005,9,100,267.903,965.4854,3773.214,6.0134
2005-10-01,2005,10,100,308.1331,1373.3507,7428.1829,22.4052
2005-11-01,2005,11,54.7351,122.2468,428.7273,1738.3298,0.208
2005-12-01,2005,12,34.1659,100,177.6049,699.3919,0.0525
2006-01-01,2006,1,13.1245,95.7781,74.4406,405.2146,0.1557
2006-02-01,2006,2,5.4549,86.1388,64.6111,427.3272,0.0188
2006-03-01,2006,3,1.42,89.3393,15.6453,160.6525,0.0001
2006-04-01,2006,4,48.7092,152.2879,356.2138,1137.5821,1.7178
2006-05-01,2006,5,52.1915,245.2968,598.0852,1782.5575,1.7553
2006-06-01,2006,6,7.6639,87.5068,100,322.9326,0.0098
2006-07-01,2006,7,57.9877,267.5833,643.4639,2272.0856,2.0084
2006-08-01,2006,8,15.2624,112.8786,191.4806,978.7154,0.4441
2006-09-01,2006,9,12.4379,116.1877,165.6807,1055.0283,1.0347
2006-10-01,2006,10,1.9388,85.3318,35.6404,226.285,0.0055
2006-11-01,2006,11,3.2546,84.0054,28.3057,192.0742,0.0025
2006-12-01,2006,12,1.2385,83.8645,8.6947,111.4577,0.0001
2007-01-01,2007,1,100,145.0451,427.0432,690.0314,0.1759
2007-02-01,2007,2,12.4979,77.1746,68.2242,206.9588,0.0017
2007-03-01,2007,3,11.0682,84.2839,59.3958,175.4657,0.0053
2007-04-01,2007,4,5.0576,80.6983,33.9556,174.9178,0.0687
2007-05-01,2007,5,100,209.0508,657.2229,1361.6922,3.4615
2007-06-01,2007,6,56.5488,155.9519,384.2753,983.0445,2.7948
2007-07-01,2007,7,202.0759,1115.1657,3232.1522,7938.8556,143.5243
2007-08-01,2007,8,55.1274,249.262,833.3231,2038.3179,2.4848
2007-09-01,2007,9,69.9047,291.6947,791.4026,1726.1469,3.8603
2007-10-01,2007,10,13.7598,94.6512,197.2165,512.1857,0.07
2007-11-01,2007,11,131.0094,329.697,1134.0218,4428.6011,57.1324
2007-12-01,2007,12,88.6048,194.5342,567.6308,1828.5271,6.9245
2008-01-01,2008,1,14.0209,80.8627,116.8087,440.0662,0.0361
2008-02-01,2008,2,10.7479,84.3911,96.6426,509.439,0.0181
2008-03-01,2008,3,4.839,80.3443,37.5029,213.6506,0.0042
2008-04-01,2008,4,1.5126,75.8689,14.8778,120.5244,0.0028
2008-05-01,2008,5,45.6498,128.2082,299.9492,951.8186,1.2153
2008-06-01,2008,6,31.0599,100.6745,231.3364,651.7596,0.1453
2008-07-01,2008,7,100,229.1015,938.3978,2101.6838,2.925
2008-08-01,2008,8,146.3963,563.3984,2070.1097,4744.8852,6.6637
2008-09-01,2008,9,40.326,104.8937,480.6751,1166.3814,0.9394
2008-10-01,2008,10,9.2255,76.4013,128.3402,321.2946,0.0054
2008-11-01,2008,11,37.6147,90.5502,193.226,536.6419,0.1192
2008-12-01,2008,12,100,271.549,833.4714,2552.0701,6.6215
2009-01-01,2009,1,15.1686,74.2751,116.5508,417.5635,0.0338
2009-02-01,2009,2,3.8225,67.1489,36.735,155.1892,0
2009-03-01,2009,3,24.0371,82.3743,82.7168,244.8403,0.0109
2009-04-01,2009,4,16.1731,83.6842,103.4004,404.1686,0.0846
2009-05-01,2009,5,6.4621,75.5078,46.4336,154.6313,0.0013
2009-06-01,2009,6,39.3108,90.0961,221.1985,391.4293,0.308
2009-07-01,2009,7,100,232.7591,783.1467,1566.7533,4.0357
2009-08-01,2009,8,100,513.4731,1505.0799,3651.6062,33.3956
2009-09-01,2009,9,216.4827,794.3686,2455.6093,5591.6332,49.1403
2009-10-01,2009,10,47.3414,117.6604,566.6546,1486.3601,0.8517
2009-11-01,2009,11,209.9044,396.0464,1381.4028,4218.0768,25.6909
2009-12-01,2009,12,40.6461,82.2244,276.3174,959.7525,0.53
2010-01-01,2010,1,11.1733,71.9191,86.4535,320.7083,0.0134
2010-02-01,2010,2,11.8699,65.8618,46.44,232.093,0.119
2010-03-01,2010,3,123.1605,113.2376,472.0961,1368.2712,9.0899
2010-04-01,2010,4,52.9966,108.7223,333.677,1321.1775,5.5972
2010-05-01,2010,5,34.5473,136.6395,295.3935,1484.474,1.9799
2010-06-01,2010,6,64.4374,148.5378,340.7148,1424.9319,12.7226
2010-07-01,2010,7,53.6755,94.5095,235.8822,919.7445,5.1878
2010-08-01,2010,8,1099.3029,2235.3493,7386.9663,19384.8252,1694.8317
2010-09-01,2010,9,703.2829,1740.2654,5658.6695,15839.9208,1032.0632
2010-10-01,2010,10,493.2533,2052.426,6063.5211,21700.8617,4735.5313
2010-11-01,2010,11,600.8558,1407.9032,3890.9247,13761.6679,199.0781
2010-12-01,2010,12,194.7039,454.8494,1562.0371,3774.3703,4.9985
2011-01-01,2011,1,1537.2392,1822.5339,6474.4334,24272.7132,3563.9097
2011-02-01,2011,2,660.8861,617.6973,2345.7183,11486.4655,33.3948
2011-03-01,2011,3,100,109.6332,570.3454,1941.944,1.3386
2011-04-01,2011,4,65.4498,184.687,373.6825,2139.2788,5.9596
2011-05-01,2011,5,101.5856,473.9336,702.7708,5256.3321,20.9
2011-06-01,2011,6,93.5255,625.1328,587.5103,8465.6546,196.9566
2011-07-01,2011,7,101.121,1221.9734,867.2793,8647.3267,516.7829
2011-08-01,2011,8,73.9219,228.0548,313.7981,1620.0165,4.475
2011-09-01,2011,9,91.5504,391.5313,438.3693,1799.6968,1.4292
2011-10-01,2011,10,273.3585,1650.2787,2016.9364,8232.7554,23.4452
2011-11-01,2011,11,274.8762,1203.3128,1584.0895,11240.2971,17.0185
2011-12-01,2011,12,46.3512,115.9143,307.5729,1336.2411,0.0949
2012-01-01,2012,1,13.5133,91.0105,99.0869,421.412,0.0084
2012-02-01,2012,2,64.9795,122.1215,216.7856,701.4955,0.0298
2012-03-01,2012,3,50.1653,114.4768,196.5707,781.2649,0.2478
2012-04-01,2012,4,24.1518,129.5123,190.0363,919.4312,0.2374
2012-05-01,2012,5,61.9401,299.6241,550.2207,2692.5776,2.5138
2012-06-01,2012,6,254.5297,2301.4309,3440.5454,18235.7622,77.6055
2012-07-01,2012,7,234.4799,1864.2689,2959.2015,11575.0726,14.8986
2012-08-01,2012,8,220.5839,2476.0209,4031.9926,12922.5866,66.4283
2012-09-01,2012,9,100,1089.7606,2422.5068,7129.4869,60.7005
2012-10-01,2012,10,44.4452,235.9074,865.8679,2280.3889,3.8682
2012-11-01,2012,11,22.7242,139.0827,379.9987,1127.8402,3.0993
2012-12-01,2012,12,17.8178,116.6807,172.4983,647.4356,0.1281
2013-01-01,2013,1,2.4631,99.0919,42.0503,204.9387,0.0006
2013-02-01,2013,2,59.6801,104.2748,194.9238,461.9999,0.0269
2013-03-01,2013,3,8.1871,98.3161,40.5509,187.0358,0.0012
2013-04-01,2013,4,3.0547,95.4036,24.7606,155.9844,0.0005
2013-05-01,2013,5,21.7982,109.5905,112.8914,297.6154,0.1242
2013-06-01,2013,6,62.8361,336.8821,963.4139,3374.3537,75.4884
2013-07-01,2013,7,100.6015,657.6303,2155.5343,5314.2896,40.8662
2013-08-01,2013,8,167.0716,1363.1754,4096.6691,9617.1955,242.932
2013-09-01,2013,9,100,540.206,1815.4445,4357.1583,96.8947
2013-10-01,2013,10,112.0848,901.353,2563.9006,7259.2116,156.9606
2013-11-01,2013,11,68.8163,382.5606,913.3036,2622.9095,2.018
2013-12-01,2013,12,18.044,105.5159,257.8972,699.3291,0.0406
2014-01-01,2014,1,5.8985,99.0916,86.9152,310.8264,0.0169
2014-02-01,2014,2,1.5364,88.4592,26.844,142.1287,0.0001
2014-03-01,2014,3,9.2098,100,74.3116,349.6977,0.2484
2014-04-01,2014,4,82.2079,228.69,699.558,2140.4341,14.2022
2014-05-01,2014,5,19.6095,102.2305,159.5459,530.5465,0.1009
2014-06-01,2014,6,231.5991,680.8062,2089.9925,5229.6321,36.9377
2014-07-01,2014,7,100,558.8574,1725.3159,3676.6238,14.6708
2014-08-01,2014,8,48.3837,376.6829,962.985,2917.2852,6.7662
2014-09-01,2014,9,36.6646,156.5201,442.4524,1279.9928,0.6436
2014-10-01,2014,10,25.5423,144.6611,259.2451,715.6776,0.0137
2014-11-01,2014,11,24.4733,136.3842,247.8485,1147.9652,0.9172
2014-12-01,2014,12,5.7342,98.0979,66.7393,466.6376,0.0332
2015-01-01,2015,1,61.2762,148.4284,296.2711,1463.2926,2.0546
2015-02-01,2015,2,28.6616,107.3912,251.0109,861.9716,1.0651
2015-03-01,2015,3,14.9899,100,95.0602,405.6621,0.0237
2015-04-01,2015,4,18.6768,124.72,140.7238,768.4221,0.1053
2015-05-01,2015,5,49.3405,238.9867,488.0149,1748.0806,4.012
2015-06-01,2015,6,16.9203,114.5059,176.7997,975.7285,0.4958
2015-07-01,2015,7,81.6528,329.8705,657.9951,2883.909,1.8382
2015-08-01,2015,8,52.3428,374.6932,651.8951,3231.7454,1.0169
2015-09-01,2015,9,37.0576,190.064,442.1782,1815.5137,2.1884
2015-10-01,2015,10,5.2036,87.9079,86.403,385.764,0.0124
2015-11-01,2015,11,4.0822,89.8121,59.7856,541.1433,0.1853
2015-12-01,2015,12,5.561,87.7676,37.6364,214.9076,0.0049
2016-01-01,2016,1,12.9537,92.6721,51.6005,298.291,0.046
2016-02-01,2016,2,2.9021,78.0216,18.6809,152.6041,0.0078
2016-03-01,2016,3,10.4142,92.5109,76.5821,250.5904,0.0245
2016-04-01,2016,4,2.3029,81.9184,18.519,126.3423,0.0015
2016-05-01,2016,5,100,211.8015,735.0496,1704.4801,7.0063
2016-06-01,2016,6,140.5486,392.3422,1314.0638,2835.4837,7.7835
2016-07-01,2016,7,423.3301,2705.0164,6158.7349,14941.8075,409.8537
2016-08-01,2016,8,138.4683,1088.692,3207.6087,6793.6915,40.832
2016-09-01,2016,9,2068.1431,5334.5859,16297.9655,31598.1174,976.3464
2016-10-01,2016,10,1101.1483,2831.7804,10629.7703,24430.5461,4041.9743
2016-11-01,2016,11,150.5313,127.1554,2065.6676,3378.5916,7.7228
2016-12-01,2016,12,62.8487,105.2236,727.2316,1208.413,0.0794
2017-01-01,2017,1,33.9972,105.8282,291.0891,630.8464,0.2182
2017-02-01,2017,2,36.4609,100,166.3423,455.4844,0.2244
2017-03-01,2017,3,16.6852,103.4208,100,527.4075,0.1438
2017-04-01,2017,4,255.9857,645.6169,1951.0674,7391.7178,237.4958
2017-05-01,2017,5,56.1665,131.0836,438.1901,1914.3006,5.2637
2017-06-01,2017,6,12.9053,106.1782,136.0929,676.8078,0.0907
2017-07-01,2017,7,81.7064,238.305,683.8331,2279.0283,27.0846
2017-08-01,2017,8,100,686.7955,1568.705,5378.6895,127.4276
2017-09-01,2017,9,100,901.361,1940.6792,9524.3756,321.5086
2017-10-01,2017,10,78.7099,291.7618,1079.2827,3226.0686,17.6415
2017-11-01,2017,11,49.9242,180.7726,448.7763,1694.8812,1.7757
2017-12-01,2017,12,43.125,123.1592,263.8735,838.4244,0.3009
2018-01-01,2018,1,16.8191,100,93.1302,491.5711,0.1135
2018-02-01,2018,2,2.7812,89.988,23.2958,168.6499,0.0006
2018-03-01,2018,3,8.8045,100,42.999,180.1536,0.0016
2018-04-01,2018,4,4.1873,95.4924,24.433,148.3221,0.0023
2018-05-01,2018,5,113.5941,390.1216,1122.2526,3117.466,9.9279
2018-06-01,2018,6,67.386,181.8477,517.7412,1523.4254,1.5809
2018-07-01,2018,7,100,623.6691,2118.3723,5511.0686,58.7823
2018-08-01,2018,8,100,645.0076,1776.1465,4162.024,18.9943
2018-09-01,2018,9,21.2437,140.7143,441.6193,1200.4814,0.7789
2018-10-01,2018,10,11.1323,100,174.099,479.1629,0.199
2018-11-01,2018,11,32.2465,130.6418,205.217,798.1957,0.5325
2018-12-01,2018,12,100,166.5742,516.1679,1283.6253,1.9435
2019-01-01,2019,1,14.8396,93.5433,76.0288,266.7376,0.0099
2019-02-01,2019,2,4.6149,85.9891,31.4495,249.2897,0.079
2019-03-01,2019,3,3.311,93.7533,20.2776,163.0384,0.005
2019-04-01,2019,4,1.8934,89.6091,13.3069,122.8304,0.0001
2019-05-01,2019,5,690.3598,1800.261,4921.6322,12154.3358,234.4641
2019-06-01,2019,6,397.7711,2040.1826,4327.7647,11484.2345,441.1314
2019-07-01,2019,7,122.2955,2414.6557,4272.3341,11506.6187,833.4722
2019-08-01,2019,8,307.5522,4037.7816,7790.7281,20033.2279,2646.613
2019-09-01,2019,9,100,826.4921,3327.2912,6382.3145,39.276
2019-10-01,2019,10,48.3901,197.0499,1030.272,2208.9289,3.9879
2019-11-01,2019,11,100,305.7153,930.999,2510.5399,7.7147
2019-12-01,2019,12,14.0046,103.1233,184.197,517.4573,0.0406
